Ranking,Name,Location,Overall,Teaching,Research,Citations,Income,Outlook
1,b'University of Oxford',United Kingdom,94.3,86.7,99.5,99.1,63.7,95.0
2,b'University of Cambridge',United Kingdom,93.2,87.8,97.8,97.5,51.5,93.0
3,b'California Institute of Technology',United States,93.0,90.3,97.5,99.5,92.6,59.7
3,b'Stanford University',United States,93.0,89.1,96.7,99.9,60.5,77.6
5,b'Massachusetts Institute of Technology',United States,92.5,87.3,91.9,100.0,88.4,87.6
6,b'Harvard University',United States,91.8,84.2,98.4,99.7,46.4,79.7
7,b'Princeton University',United States,91.1,85.7,93.9,99.6,58.0,78.7
8,b'Imperial College London',United Kingdom,89.2,81.7,88.7,96.7,71.6,96.6
9,b'University of Chicago',United States,88.6,85.3,90.1,99.4,39.8,69.6
10,b'ETH Zurich',Switzerland,87.7,76.4,92.0,94.3,60.3,98.1
10,b'University of Pennsylvania',United States,87.7,83.7,90.1,98.5,56.9,61.3
12,b'Yale University',United States,87.6,86.7,87.0,98.4,45.1,64.6
13,b'Johns Hopkins University',United States,86.5,76.1,88.1,98.4,95.8,70.6
14,b'Columbia University',United States,86.0,82.2,83.3,98.8,41.3,76.6
15,"b'University of California, Los Angeles'",United States,85.7,80.7,88.1,97.9,48.6,59.5
16,b'UCL',United Kingdom,85.3,74.4,88.2,94.6,41.2,94.6
17,b'Duke University',United States,85.1,80.7,80.6,98.3,100.0,62.5
18,"b'University of California, Berkeley'",United States,84.3,77.4,84.5,99.8,37.5,64.5
19,b'Cornell University',United States,84.2,76.2,86.6,97.6,34.6,69.2
20,b'Northwestern University',United States,83.3,72.6,86.7,96.9,78.2,59.2
21,b'University of Michigan-Ann Arbor',United States,83.1,77.2,86.3,95.7,46.2,55.8
22,b'National University of Singapore',Singapore,82.8,77.4,88.2,81.3,61.9,95.8
22,b'University of Toronto',Canada,82.8,74.6,84.8,92.6,46.5,80.1
24,b'Carnegie Mellon University',United States,81.9,65.8,83.7,99.7,50.4,79.1
25,b'London School of Economics and Political Science',United Kingdom,79.4,71.8,72.0,94.9,33.7,92.2
25,b'University of Washington',United States,79.4,67.9,79.9,99.0,47.3,56.5
27,b'University of Edinburgh',United Kingdom,79.2,66.8,74.2,97.0,36.3,92.0
27,b'New York University',United States,79.2,73.7,77.4,96.5,37.0,53.4
27,b'Peking University',China,79.2,83.0,85.1,74.2,100.0,53.0
30,b'Tsinghua University',China,79.0,80.2,93.2,71.4,99.8,41.0
31,"b'University of California, San Diego'",United States,78.7,62.9,79.8,98.6,96.5,51.9
32,b'University of Melbourne',Australia,77.5,64.9,74.2,90.3,70.1,92.7
33,b'Georgia Institute of Technology',United States,77.0,59.7,78.9,94.3,60.2,75.0
34,b'University of British Columbia',Canada,76.2,61.8,72.2,93.4,42.6,92.2
34,b'LMU Munich',Germany,76.2,65.4,72.3,91.3,100.0,66.3
36,b'King\xe2\x80\x99s College London',United Kingdom,75.6,59.3,71.2,94.4,43.9,94.5
37,b'University of Illinois at Urbana-Champaign',United States,75.4,65.8,78.9,88.9,56.0,52.8
38,b'\xc3\x89cole Polytechnique F\xc3\xa9d\xc3\xa9rale de Lausanne',Switzerland,75.3,58.8,66.8,94.2,76.0,98.7
38,b'Karolinska Institute',Sweden,75.3,57.0,74.4,95.9,71.4,70.3
40,b'University of Hong Kong',Hong Kong,75.1,68.8,77.9,74.2,54.0,99.5
41,b'Technical University of Munich',Germany,73.5,60.3,71.2,88.4,100.0,66.8
42,b'McGill University',Canada,73.2,63.4,70.8,84.7,39.8,87.5
43,b'University of Wisconsin-Madison',United States,73.1,68.4,73.9,86.5,45.8,43.4
44,b'The Hong Kong University of Science and Technology',Hong Kong,72.7,55.2,68.4,93.1,58.1,83.4
45,b'Heidelberg University',Germany,72.3,63.6,62.2,94.2,56.0,64.7
46,b'The University of Tokyo',Japan,72.2,79.5,85.2,63.7,52.7,32.2
47,b'KU Leuven',Belgium,71.8,54.2,70.9,88.7,99.9,68.3
48,b'Australian National University',Australia,71.6,52.7,72.0,85.5,61.1,94.3
49,b'University of Texas at Austin',United States,71.4,60.9,68.3,95.7,48.2,36.7
50,b'Brown University',United States,70.8,63.8,57.9,96.7,34.1,59.0
50,b'Washington University in St Louis',United States,70.8,60.8,59.7,99.4,36.9,52.1
52,"b'Nanyang Technological University, Singapore'",Singapore,70.5,49.5,63.0,90.7,94.0,95.9
53,"b'University of California, Santa Barbara'",United States,70.0,50.0,61.5,98.8,82.0,65.4
54,"b'University of California, Davis'",United States,69.5,60.9,64.5,86.0,53.4,63.7
54,b'University of Manchester',United Kingdom,69.5,56.3,65.3,84.3,44.1,88.7
56,b'University of Minnesota',United States,69.0,57.6,67.9,87.5,90.4,37.7
56,b'University of North Carolina at Chapel Hill',United States,69.0,57.9,61.8,96.7,39.2,41.5
58,b'Chinese University of Hong Kong',Hong Kong,68.5,57.0,64.4,80.6,56.8,86.6
59,b'University of Amsterdam',Netherlands,68.4,51.3,62.6,91.9,49.9,72.2
60,b'Purdue University West Lafayette',United States,68.2,62.3,68.9,73.4,63.5,69.9
61,b'University of Sydney',Australia,67.8,50.2,63.1,85.9,67.9,84.6
62,b'Humboldt University of Berlin',Germany,67.4,61.9,67.1,76.1,38.6,65.6
63,b'Delft University of Technology',Netherlands,67.3,53.4,72.0,68.5,99.8,88.5
64,b'Wageningen University & Research',Netherlands,67.2,46.6,53.6,95.2,100.0,80.6
65,b'The University of Queensland',Australia,67.0,47.6,59.4,87.8,76.2,88.8
66,b'University of Southern California',United States,66.8,49.8,58.4,95.6,37.9,63.0
67,b'Leiden University',Netherlands,66.0,44.6,63.2,87.8,78.8,70.5
68,b'Utrecht University',Netherlands,65.8,45.5,63.1,89.9,72.6,59.6
69,"b'University of Maryland, College Park'",United States,65.7,49.6,63.0,93.5,38.4,39.0
70,b'Boston University',United States,65.4,57.1,45.9,97.2,34.0,60.0
70,b'Ohio State University (Main campus)  ',United States,65.4,55.5,56.2,88.0,52.0,56.4
72,b'Erasmus University Rotterdam',Netherlands,65.2,38.9,57.2,96.7,51.7,80.6
72,b'Paris Sciences et Lettres \xe2\x80\x93 PSL Research University Paris',France,65.2,57.0,52.0,85.0,48.2,76.7
74,b'Kyoto University',Japan,64.9,71.8,78.6,50.9,93.8,28.8
74,b'Seoul National University',South Korea,64.9,69.3,71.2,60.6,79.8,34.1
76,b'University of Bristol',United Kingdom,64.8,45.7,51.2,94.7,39.3,84.8
77,b'Penn State (Main campus)  ',United States,64.6,53.6,64.8,81.6,50.0,44.3
78,b'McMaster University',Canada,63.4,45.6,48.8,89.9,89.8,78.1
79,b'RWTH Aachen University',Germany,63.3,53.4,62.4,72.8,99.7,56.4
80,b'University of Glasgow',United Kingdom,63.2,43.4,48.9,92.6,38.6,90.4
80,b'Monash University',Australia,63.2,47.4,55.4,80.9,71.5,83.8
82,b'University of Freiburg',Germany,62.9,47.1,54.3,83.1,100.0,67.2
83,b'University of Groningen',Netherlands,62.8,40.7,54.8,89.0,77.2,74.4
83,b'Michigan State University',United States,62.8,55.1,53.3,82.6,35.7,61.2
85,b'UNSW Sydney',Australia,62.5,40.9,57.5,82.8,49.8,91.4
86,b'Rice University',United States,62.2,45.1,41.9,98.7,42.4,72.7
86,b'Uppsala University',Sweden,62.2,42.9,56.1,84.6,79.5,68.8
88,b'Free University of Berlin',Germany,62.1,58.7,66.5,60.6,39.8,71.8
89,b'Dartmouth College',United States,62.0,58.5,41.9,93.4,37.9,39.1
90,b'University of Helsinki',Finland,61.7,45.7,56.6,86.9,35.5,53.3
91,b'University of Warwick',United Kingdom,61.6,46.6,52.0,80.4,41.0,91.9
92,b'Technical University of Berlin',Germany,61.5,49.0,58.0,74.2,97.8,62.4
93,b'Lund University',Sweden,61.3,40.8,52.6,85.9,70.9,76.1
94,b'University of T\xc3\xbcbingen',Germany,61.2,45.7,55.4,83.0,55.4,60.8
95,b'University of Basel',Switzerland,60.9,39.8,39.9,91.0,99.9,95.9
95,b'Korea Advanced Institute of Science and Technology (KAIST)',South Korea,60.9,56.3,59.2,70.4,100.0,35.6
97,b'Durham University',United Kingdom,60.8,44.8,47.9,84.6,36.8,89.0
98,b'Emory University',United States,60.7,47.1,40.4,98.1,42.3,53.3
99,"b'University of California, Irvine'",United States,60.6,43.4,44.9,93.6,43.9,65.2
100,b'University of Bonn',Germany,60.5,47.3,41.6,91.3,83.5,58.4
100,b'University of Colorado Boulder',United States,60.5,44.8,45.8,97.4,37.5,42.4
100,b'University of Pittsburgh-Pittsburgh campus',United States,60.5,45.7,48.7,94.9,39.9,36.8
103,b'Maastricht University',Netherlands,60.4,40.2,49.7,79.9,87.6,96.7
104,b'University of Sheffield',United Kingdom,60.1,42.9,45.7,86.8,43.7,85.4
105,b'University of Bern',Switzerland,60.0,42.7,43.6,85.4,81.0,85.7
105,b'Vanderbilt University',United States,60.0,47.7,41.4,96.9,52.8,38.9
107,b'Ghent University',Belgium,59.8,44.4,56.2,77.6,84.3,56.8
108,b'University of Montreal',Canada,59.6,44.5,48.9,79.0,65.3,83.2
109,b'Aarhus University',Denmark,59.4,37.3,53.6,82.7,67.6,75.3
109,b'University of Copenhagen',Denmark,59.4,44.0,39.7,90.6,44.6,79.3
111,b'Sungkyunkwan University (SKKU)',South Korea,59.3,54.1,55.1,69.5,93.7,44.7
111,b'University of Western Australia',Australia,59.3,33.5,46.1,90.6,54.5,91.9
113,b'University of G\xc3\xb6ttingen',Germany,59.2,47.1,50.3,82.4,33.7,58.6
113,b'University of Virginia (Main campus)  ',United States,59.2,52.4,40.7,89.3,40.6,46.5
115,b'\xc3\x89cole Polytechnique',France,59.1,54.4,38.2,75.1,70.8,93.4
116,b'Fudan University',China,58.9,59.5,57.5,65.1,53.0,38.7
117,b'Indiana University',United States,58.7,50.5,46.5,81.9,51.5,50.5
117,b'Trinity College Dublin',Ireland,58.7,45.3,44.8,79.0,41.2,92.1
119,b'University of Alberta',Canada,58.6,47.2,51.2,70.5,63.4,84.8
119,b'City University of Hong Kong',Hong Kong,58.6,40.8,48.6,79.4,65.9,84.4
121,b'Queen Mary University of London',United Kingdom,58.5,32.8,38.2,96.7,39.1,95.5
122,b'Radboud University Nijmegen',Netherlands,58.4,33.9,50.4,89.4,44.8,68.8
123,b'Georgetown University',United States,58.3,51.8,37.2,87.5,66.3,49.6
123,b'Pierre and Marie Curie University',France,58.3,49.5,39.8,85.7,31.8,66.6
125,b'University of Mannheim',Germany,58.2,41.8,53.0,80.5,57.8,55.9
126,b'Arizona State University (Tempe)  ',United States,58.1,41.5,48.3,87.1,35.7,55.2
126,b'Charit\xc3\xa9 - Universit\xc3\xa4tsmedizin Berlin',Germany,58.1,43.3,39.2,88.6,87.5,60.7
126,b'University of Southampton',United Kingdom,58.1,37.9,43.7,86.0,38.5,92.0
129,b'Universit\xc3\xa9 Catholique de Louvain',Belgium,58.0,38.9,52.2,78.6,54.0,76.7
130,b'University of Exeter',United Kingdom,57.8,34.5,39.3,93.7,34.6,88.8
130,b'University of Geneva',Switzerland,57.8,35.8,43.6,82.9,68.7,98.2
132,b'University of Science and Technology of China',China,57.7,52.7,49.1,76.9,81.7,27.9
133,b'Karlsruhe Institute of Technology',Germany,57.6,44.6,47.7,75.7,97.9,62.9
134,b'University of Adelaide',Australia,57.5,35.9,43.1,85.3,67.3,86.6
134,b'Stockholm University',Sweden,57.5,33.1,48.4,89.1,34.5,72.7
136,b'University of Zurich',Switzerland,57.4,42.0,36.0,87.0,43.2,90.8
137,b'Pohang University of Science and Technology (POSTECH)',South Korea,57.3,47.9,49.8,76.4,99.8,34.3
137,b'University of York',United Kingdom,57.3,40.5,44.9,81.6,34.1,85.3
139,b'University of Leeds',United Kingdom,57.1,42.2,46.7,77.8,38.8,82.1
140,b'Pompeu Fabra University',Spain,56.9,34.7,38.9,97.1,40.0,62.3
141,b'University of Birmingham',United Kingdom,56.8,36.5,38.3,89.7,37.2,86.3
141,b'Eindhoven University of Technology',Netherlands,56.8,41.3,49.0,72.3,100.0,73.9
143,b'University of Florida',United States,56.6,52.8,51.2,68.4,80.7,37.9
143,b'University of St Andrews',United Kingdom,56.6,42.9,42.5,76.6,33.6,95.5
145,b'University of Cologne',Germany,56.4,39.8,42.7,84.8,76.8,57.1
146,b'University of Oslo',Norway,56.3,36.0,42.8,86.8,41.9,73.4
147,b'Autonomous University of Barcelona',Spain,56.2,43.3,36.1,89.5,42.1,60.1
147,b'University of Nottingham',United Kingdom,56.2,40.5,41.9,80.5,38.5,84.4
147,b'University of Sussex',United Kingdom,56.2,34.1,38.1,89.5,33.3,91.5
150,b'Lancaster University',United Kingdom,55.9,37.0,40.5,83.2,33.7,91.1
150,b'University of Notre Dame',United States,55.9,49.8,37.9,83.0,35.3,50.7
152,b'University of Lausanne',Switzerland,55.7,30.4,47.4,78.5,78.4,90.8
153,b'University of Rochester',United States,55.6,41.7,34.2,90.2,39.5,63.7
153,b'Technical University of Denmark',Denmark,55.6,35.9,39.5,81.6,63.8,91.6
155,b'Sant\xe2\x80\x99Anna School of Advanced Studies \xe2\x80\x93 Pisa',Italy,55.5,41.6,36.0,88.0,87.8,48.3
155,b'TU Dresden',Germany,55.5,42.8,46.9,74.2,95.0,52.6
155,b'Ulm University',Germany,55.5,37.1,37.4,90.0,77.3,56.5
158,b'Case Western Reserve University',United States,55.2,44.4,34.9,90.1,36.7,46.1
159,b'University of Leicester',United Kingdom,55.0,32.2,34.5,91.4,35.2,89.9
159,b'Texas A&M University',United States,55.0,50.4,56.3,60.2,41.2,52.0
161,b'University of Arizona',United States,54.9,44.3,38.7,85.4,46.1,43.3
162,"b'University of California, Santa Cruz'",United States,54.8,31.5,35.0,99.9,38.2,51.6
162,b'Cardiff University',United Kingdom,54.8,35.8,39.3,84.5,35.5,80.6
162,b'University of Erlangen-Nuremberg',Germany,54.8,39.8,44.0,77.6,95.9,53.0
165,b'University of Vienna',Austria,54.7,42.6,47.6,66.0,33.2,93.4
165,b'Vrije Universiteit Amsterdam',Netherlands,54.7,32.5,40.7,89.1,56.3,60.7
165,b'University of W\xc3\xbcrzburg',Germany,54.7,35.8,42.8,86.5,46.1,53.7
168,b'University of Alabama at Birmingham',United States,54.6,39.7,32.8,95.1,67.6,34.6
169,b'Nanjing University',China,54.5,49.6,47.0,64.9,77.8,54.4
169,b'Tufts University',United States,54.5,44.1,33.4,88.1,36.7,52.7
171,b'University of Cape Town',South Africa,54.4,30.5,36.2,87.0,88.5,81.1
172,"b'Rutgers, the State University of New Jersey'",United States,54.3,43.0,45.3,79.7,36.9,39.2
173,b'KTH Royal Institute of Technology',Sweden,54.2,42.3,46.3,67.0,50.9,83.7
173,b'University of M\xc3\xbcnster',Germany,54.2,40.3,42.1,81.2,60.8,47.7
175,b'Universit\xc3\xa9 libre de Bruxelles',Belgium,54.0,32.4,42.2,80.4,48.4,83.2
175,b'Newcastle University',United Kingdom,54.0,33.4,40.8,80.6,41.6,86.7
177,b'University of Liverpool',United Kingdom,53.9,32.7,34.7,86.8,37.1,89.9
177,b'Zhejiang University',China,53.9,57.0,63.7,45.1,89.4,25.2
179,b'University of Luxembourg',Luxembourg,53.8,26.8,32.4,91.9,39.6,99.8
179,b'University of Twente',Netherlands,53.8,35.5,47.0,68.5,83.6,85.3
181,b'Paris-Sud University',France,53.7,40.4,33.1,86.8,32.3,63.5
182,b'\xc3\x89cole Normale Sup\xc3\xa9rieure de Lyon',France,53.6,40.1,37.8,80.9,37.9,67.3
182,b'Hong Kong Polytechnic University',Hong Kong,53.6,39.1,48.1,67.7,45.8,79.9
184,b'Scuola Normale Superiore di Pisa',Italy,53.4,53.7,33.3,75.4,37.7,49.4
185,b'University of Aberdeen',United Kingdom,53.3,30.3,33.6,87.1,41.9,93.3
186,b'University of Miami',United States,53.1,42.5,24.4,90.3,37.2,67.1
187,b'University of Dundee',United Kingdom,52.9,26.3,32.0,94.5,43.4,79.8
188,b'University of East Anglia',United Kingdom,52.8,29.9,31.6,90.5,32.2,85.6
188,b'Shanghai Jiao Tong University',China,52.8,53.5,62.5,44.1,88.9,33.4
190,b'Aalto University',Finland,52.7,37.8,35.8,79.5,52.5,72.5
191,b'University of Massachusetts',United States,52.6,36.3,32.2,88.8,51.0,54.8
192,b'University of Auckland',New Zealand,52.5,32.5,40.7,73.8,67.3,90.6
193,b'Northeastern University',United States,52.4,35.6,26.8,91.7,35.4,70.1
194,b'Lomonosov Moscow State University',Russian Federation,52.3,74.2,61.6,15.8,89.0,61.1
195,b'Tilburg University',Netherlands,52.1,38.4,50.1,61.3,59.0,75.8
196,b'Paris-Sorbonne University \xe2\x80\x93 Paris 4',France,52.0,44.6,34.3,77.1,32.1,57.9
197,"b'Royal Holloway, University of London'",United Kingdom,51.9,33.9,27.9,85.0,35.0,93.0
198,"b'University of California, Riverside'",United States,51.7,30.0,30.9,92.3,37.4,63.9
198,b'University of Gothenburg',Sweden,51.7,26.7,39.2,87.5,38.9,62.5
198,b'National Taiwan University',Taiwan,51.7,50.4,54.7,53.4,65.0,33.4
201–250,b'Aalborg University',Denmark,48.3–51.6,28.2,36.2,84.2,46.5,70.7
201–250,b'University of Antwerp',Belgium,48.3–51.6,34.6,40.1,73.3,75.9,66.3
201–250,b'University of Barcelona',Spain,48.3–51.6,32.4,32.5,83.2,34.0,50.6
201–250,b'University of Bergen',Norway,48.3–51.6,29.2,30.6,90.0,35.2,75.3
201–250,b'University of Bologna',Italy,48.3–51.6,43.6,30.1,80.0,39.1,47.4
201–250,b'Brandeis University',United States,48.3–51.6,28.9,24.3,99.7,33.7,49.8
201–250,b'University of Calgary',Canada,48.3–51.6,34.6,35.8,77.2,53.5,73.6
201–250,b'Chalmers University of Technology',Sweden,48.3–51.6,35.1,39.6,62.3,70.2,78.3
201–250,b'University of Cincinnati',United States,48.3–51.6,36.9,30.3,82.0,41.0,35.6
201–250,b'Copenhagen Business School',Denmark,48.3–51.6,24.2,36.6,80.8,40.4,91.2
201–250,b'University of Delaware',United States,48.3–51.6,27.8,37.5,79.5,91.0,45.4
201–250,b'University of Duisburg-Essen',Germany,48.3–51.6,32.8,29.9,88.8,73.8,52.7
201–250,b'Florida State University',United States,48.3–51.6,41.3,42.0,73.3,37.2,47.3
201–250,b'University of Fribourg',Switzerland,48.3–51.6,34.2,35.0,65.5,58.5,86.9
201–250,b'George Washington University',United States,48.3–51.6,44.8,30.4,77.2,32.6,50.3
201–250,b'University of Hamburg',Germany,48.3–51.6,43.5,42.0,65.0,67.7,58.0
201–250,b'University of Hawai\xe2\x80\x99i at M\xc4\x81noa',United States,48.3–51.6,37.3,37.1,76.2,49.9,65.9
201–250,b'Hebrew University of Jerusalem',Israel,48.3–51.6,39.9,41.7,71.8,36.3,58.2
201–250,b'University of Iceland',Iceland,48.3–51.6,19.5,29.0,93.4,57.3,63.0
201–250,b'University of Iowa',United States,48.3–51.6,42.0,34.0,78.2,60.6,35.4
201–250,b'James Cook University',Australia,48.3–51.6,23.4,27.7,89.1,42.9,73.9
201–250,b'University of Kiel',Germany,48.3–51.6,31.5,28.1,94.4,9.1,52.4
201–250,b'King Abdulaziz University',Saudi Arabia,48.3–51.6,25.6,15.3,97.3,77.8,92.0
201–250,b'University of Konstanz',Germany,48.3–51.6,39.1,44.5,65.2,69.9,61.8
201–250,b'Korea University',South Korea,48.3–51.6,44.7,47.7,49.0,97.7,49.0
201–250,"b'National University of Ireland, Galway'",Ireland,48.3–51.6,26.8,30.1,80.5,42.5,80.3
201–250,b'Osaka University',Japan,48.3–51.6,53.7,57.6,38.7,81.3,33.5
201–250,b'University of Otago',New Zealand,48.3–51.6,31.2,30.7,82.2,45.1,88.6
201–250,b'University of Ottawa',Canada,48.3–51.6,37.6,37.5,69.1,40.2,73.6
201–250,b'Paris Diderot University \xe2\x80\x93 Paris 7',France,48.3–51.6,30.2,25.8,89.7,32.6,67.7
201–250,b'University of Passau',Germany,48.3–51.6,30.2,23.6,92.7,40.8,49.0
201–250,b'University of Potsdam',Germany,48.3–51.6,35.6,41.4,74.3,42.2,55.0
201–250,b'Queen\xe2\x80\x99s University Belfast',United Kingdom,48.3–51.6,28.3,32.3,83.1,35.7,94.6
201–250,b'Queensland University of Technology',Australia,48.3–51.6,30.7,40.3,73.0,63.2,79.1
201–250,b'University of Reading',United Kingdom,48.3–51.6,34.6,34.9,73.9,36.9,88.8
201–250,b'RCSI University of Medicine and Health Sciences',Ireland,48.3–51.6,31.9,21.8,92.8,40.7,88.6
201–250,b'Ruhr University Bochum',Germany,48.3–51.6,36.6,42.9,62.3,73.2,52.3
201–250,"b'St George\xe2\x80\x99s, University of London'",United Kingdom,48.3–51.6,21.4,23.4,100.0,35.3,69.9
201–250,b'University of South Australia',Australia,48.3–51.6,31.5,36.3,63.3,81.6,91.8
201–250,b'University of Stuttgart',Germany,48.3–51.6,41.1,48.8,60.0,68.8,52.6
201–250,b'Technical University of Darmstadt',Germany,48.3–51.6,39.2,43.7,57.2,95.9,54.3
201–250,b'University of Tampere',Finland,48.3–51.6,25.8,32.4,88.2,51.5,41.6
201–250,b'University of Technology Sydney',Australia,48.3–51.6,29.7,40.5,71.7,51.0,94.2
201–250,b'Tel Aviv University',Israel,48.3–51.6,41.5,52.1,59.4,42.7,49.5
201–250,b'University of Texas at Dallas',United States,48.3–51.6,25.7,29.4,89.8,41.5,57.7
201–250,b'Tohoku University',Japan,48.3–51.6,49.6,50.6,46.5,68.3,34.7
201–250,b'Ulsan National Institute of Science and Technology (UNIST)',South Korea,48.3–51.6,22.9,30.7,95.9,66.0,47.9
201–250,b'University College Dublin',Ireland,48.3–51.6,29.2,37.5,74.0,38.1,89.3
201–250,b'University of Utah',United States,48.3–51.6,37.2,34.1,88.5,46.1,33.0
201–250,b'Vita-Salute San Raffaele University',Italy,48.3–51.6,34.0,23.1,96.3,32.8,45.7
201–250,b'University of Waterloo',Canada,48.3–51.6,35.7,41.7,69.8,42.6,80.0
201–250,b'Western University',Canada,48.3–51.6,41.8,36.1,68.8,55.7,75.2
201–250,b'Yonsei University (Seoul campus)',South Korea,48.3–51.6,48.6,50.2,46.1,99.2,54.6
251–300,b'Aix-Marseille University',France,45.2–48.2,40.2,22.4,70.0,34.4,60.7
251–300,b'University of Bath',United Kingdom,45.2–48.2,33.9,31.7,67.3,36.0,88.3
251–300,b'University of Bayreuth',Germany,45.2–48.2,34.4,34.1,67.8,62.7,54.7
251–300,b'Bielefeld University',Germany,45.2–48.2,36.9,42.0,58.6,54.5,46.3
251–300,b'University of Bremen',Germany,45.2–48.2,36.4,36.5,63.2,45.7,52.1
251–300,b'University at Buffalo',United States,45.2–48.2,38.8,28.5,69.8,44.7,62.5
251–300,b'Clark University',United States,45.2–48.2,23.7,23.7,93.4,32.6,60.0
251–300,b'University of Colorado Denver',United States,45.2–48.2,30.2,18.0,95.1,42.0,29.0
251–300,b'Colorado School of Mines',United States,45.2–48.2,33.6,26.8,81.7,55.5,41.3
251–300,b'Dalhousie University',Canada,45.2–48.2,26.6,28.3,74.3,41.5,82.4
251–300,b'\xc3\x89cole des Ponts ParisTech',France,45.2–48.2,38.1,16.9,74.9,63.3,79.4
251–300,b'University of Essex',United Kingdom,45.2–48.2,33.4,32.0,62.8,32.5,95.8
251–300,b'Goethe University Frankfurt',Germany,45.2–48.2,32.5,27.8,73.4,38.6,60.7
251–300,b'Griffith University',Australia,45.2–48.2,23.4,29.8,77.7,40.7,82.0
251–300,b'University of Hohenheim',Germany,45.2–48.2,34.9,28.8,70.0,50.3,51.7
251–300,b'University of Illinois at Chicago',United States,45.2–48.2,42.1,31.6,68.2,42.1,56.2
251–300,b'Indian Institute of Science',India,45.2–48.2,53.8,48.6,44.4,49.5,19.5
251–300,b'University of Innsbruck',Austria,45.2–48.2,27.5,18.5,77.8,37.5,96.7
251–300,b'Johannes Gutenberg University of Mainz',Germany,45.2–48.2,36.4,23.6,79.8,57.5,55.2
251–300,b'Laval University',Canada,45.2–48.2,37.7,28.7,70.3,54.7,66.8
251–300,b'Macquarie University',Australia,45.2–48.2,31.3,34.4,70.0,41.0,77.0
251–300,b'University of Marburg',Germany,45.2–48.2,35.7,27.7,75.0,36.6,49.9
251–300,b'Medical University of Vienna',Austria,45.2–48.2,31.2,13.5,90.2,36.6,84.1
251–300,b'Moscow Institute of Physics and Technology (MIPT)',Russian Federation,45.2–48.2,47.7,41.4,50.0,99.9,51.7
251–300,b'University of Newcastle',Australia,45.2–48.2,28.0,26.9,73.0,62.9,79.9
251–300,b'North Carolina State University',United States,45.2–48.2,35.6,34.5,68.4,42.5,52.8
251–300,b'Norwegian University of Science and Technology',Norway,45.2–48.2,30.7,34.6,68.3,42.0,64.9
251–300,b'University of Oregon',United States,45.2–48.2,31.1,30.1,84.7,32.0,37.0
251–300,b'Oregon Health and Science University',United States,45.2–48.2,32.2,15.1,99.0,44.5,24.4
251–300,b'University of Oulu',Finland,45.2–48.2,30.2,30.0,79.1,43.2,53.1
251–300,b'Queen\xe2\x80\x99s University',Canada,45.2–48.2,40.0,35.9,61.7,51.0,66.3
251–300,b'University of S\xc3\xa3o Paulo',Brazil,45.2–48.2,52.9,55.5,31.5,38.1,30.9
251–300,b'Simon Fraser University',Canada,45.2–48.2,25.6,33.4,75.6,43.5,90.4
251–300,b'University of Southern Denmark',Denmark,45.2–48.2,21.4,25.3,83.4,68.8,78.1
251–300,b'University of South Florida (Tampa)  ',United States,45.2–48.2,29.6,35.8,74.4,93.0,46.9
251–300,b'Stony Brook University',United States,45.2–48.2,33.0,23.8,84.4,33.4,58.7
251–300,b'University of Surrey',United Kingdom,45.2–48.2,30.3,33.1,64.5,46.3,92.7
251–300,b'Swansea University',United Kingdom,45.2–48.2,22.1,25.6,80.4,34.9,79.9
251–300,b'Swedish University of Agricultural Sciences',Sweden,45.2–48.2,30.0,27.1,79.3,98.1,42.5
251–300,b'Syracuse University',United States,45.2–48.2,32.8,28.7,79.5,37.0,45.6
251–300,b'Tokyo Institute of Technology',Japan,45.2–48.2,49.5,52.9,39.8,67.8,35.8
251–300,b'University of Trento',Italy,45.2–48.2,26.2,29.6,85.1,39.9,58.2
251–300,b'Ume\xc3\xa5 University',Sweden,45.2–48.2,24.9,29.8,81.8,34.9,60.6
251–300,b'Wake Forest University',United States,45.2–48.2,34.8,18.4,91.4,38.4,28.2
251–300,b'William & Mary',United States,45.2–48.2,44.9,18.2,84.6,32.6,32.2
251–300,b'University of the Witwatersrand',South Africa,45.2–48.2,26.6,23.2,76.5,99.9,69.8
251–300,b'University of Wollongong',Australia,45.2–48.2,29.4,33.2,67.1,47.7,88.1
301–350,b'Aberystwyth University',United Kingdom,42.4–45.1,24.2,25.5,76.7,36.6,74.9
301–350,b'University of Alaska Fairbanks',United States,42.4–45.1,25.3,23.2,78.3,44.9,52.8
301–350,b'Anglia Ruskin University ARU',United Kingdom,42.4–45.1,16.7,11.2,99.4,32.6,71.1
301–350,b'Babol Noshirvani University of Technology',Iran,42.4–45.1,24.8,12.2,99.1,56.1,15.5
301–350,b'Bangor University',United Kingdom,42.4–45.1,25.7,21.4,72.7,33.4,83.8
301–350,"b'Birkbeck, University of London'",United Kingdom,42.4–45.1,30.5,32.0,62.2,32.4,87.5
301–350,b'University of Bordeaux',France,42.4–45.1,31.0,22.0,75.2,34.8,54.3
301–350,b'Boston College',United States,42.4–45.1,37.0,20.0,74.1,43.8,53.8
301–350,b'Brighton and Sussex Medical School',United Kingdom,42.4–45.1,18.8,12.9,97.0,31.7,72.0
301–350,b'Charles Darwin University',Australia,42.4–45.1,17.9,18.6,88.0,38.8,82.2
301–350,b'University of Connecticut',United States,42.4–45.1,35.7,28.5,66.8,34.6,48.5
301–350,b'Deakin University',Australia,42.4–45.1,23.3,26.6,72.0,36.2,77.7
301–350,b'University of Denver',United States,42.4–45.1,35.9,29.8,74.4,35.7,28.8
301–350,b'University of Eastern Finland',Finland,42.4–45.1,25.2,26.1,79.1,36.2,49.3
301–350,b'Flinders University',Australia,42.4–45.1,22.9,27.6,77.9,39.4,68.4
301–350,b'Free University of Bozen-Bolzano',Italy,42.4–45.1,22.0,14.3,88.6,32.1,68.9
301–350,b'George Mason University',United States,42.4–45.1,28.5,26.4,76.0,33.2,40.8
301–350,"b'Goldsmiths, University of London'",United Kingdom,42.4–45.1,33.9,26.0,62.0,31.8,77.0
301–350,b'Grenoble Alpes University',France,42.4–45.1,30.9,22.9,74.9,33.8,60.7
301–350,b'University of Houston',United States,42.4–45.1,36.8,34.1,60.5,37.8,39.8
301–350,b'Iowa State University',United States,42.4–45.1,29.1,31.4,65.3,48.6,53.8
301–350,b'University of Kent',United Kingdom,42.4–45.1,25.1,23.6,67.8,32.1,90.2
301–350,b'Khalifa University',United Arab Emirates,42.4–45.1,23.4,18.7,71.4,84.5,97.9
301–350,b'Ko\xc3\xa7 University',Turkey,42.4–45.1,25.7,32.1,65.2,84.3,53.8
301–350,b'Loughborough University',United Kingdom,42.4–45.1,34.0,32.9,52.7,38.5,74.8
301–350,b'Medical University of Graz',Austria,42.4–45.1,24.3,15.7,85.8,46.9,74.8
301–350,b'University of Li\xc3\xa8ge',Belgium,42.4–45.1,25.8,33.6,57.9,96.8,71.0
301–350,b'University of Milan',Italy,42.4–45.1,34.1,25.9,73.7,42.9,41.4
301–350,b'Nagoya University',Japan,42.4–45.1,44.9,47.2,43.2,87.2,29.9
301–350,b'National Tsing Hua University',Taiwan,42.4–45.1,38.0,37.1,59.4,54.8,29.0
301–350,b'University of Navarra',Spain,42.4–45.1,27.9,24.5,74.6,63.9,59.7
301–350,b'University of Nebraska-Lincoln',United States,42.4–45.1,32.4,29.6,65.9,37.9,50.4
301–350,b'Oregon State University',United States,42.4–45.1,30.1,29.3,72.4,36.5,48.5
301–350,b'Polytechnic University of Milan',Italy,42.4–45.1,32.2,31.7,65.0,58.1,53.1
301–350,b'Rensselaer Polytechnic Institute',United States,42.4–45.1,28.9,31.8,71.7,67.3,46.2
301–350,b'Rush University',United States,42.4–45.1,35.3,12.4,88.2,41.3,14.8
301–350,b'Sapienza University of Rome',Italy,42.4–45.1,38.4,34.7,64.1,41.2,38.9
301–350,b'University of Stirling',United Kingdom,42.4–45.1,24.4,25.7,76.2,33.6,76.7
301–350,b'University of Tartu',Estonia,42.4–45.1,24.5,25.3,83.6,33.5,50.4
301–350,b'University of Tasmania',Australia,42.4–45.1,24.1,30.8,65.4,51.5,82.2
301–350,b'Technion Israel Institute of Technology',Israel,42.4–45.1,32.7,34.8,58.6,39.0,64.4
301–350,b'The University of Tennessee-Knoxville',United States,42.4–45.1,32.4,21.7,79.2,41.3,42.7
301–350,b'Tomsk Polytechnic University',Russian Federation,42.4–45.1,29.0,17.7,81.5,69.7,50.9
301–350,b'TU Dortmund University',Germany,42.4–45.1,34.9,31.1,64.0,45.5,42.0
301–350,b'Victoria University',Australia,42.4–45.1,24.1,23.2,73.4,39.5,71.1
301–350,b'University of Victoria',Canada,42.4–45.1,24.8,21.9,72.2,41.4,76.7
301–350,b'TU Wien',Austria,42.4–45.1,37.2,29.2,53.2,67.6,81.1
301–350,b'Virginia Polytechnic Institute and State University',United States,42.4–45.1,33.5,39.6,65.1,43.8,33.5
301–350,b'Vrije Universiteit Brussel',Belgium,42.4–45.1,30.6,25.6,68.7,51.7,71.6
301–350,b'Washington State University',United States,42.4–45.1,29.3,27.7,70.3,50.9,45.6
351–400,b'University of Alabama',United States,40.0–42.3,30.0,20.6,76.7,33.3,27.7
351–400,b'American University',United States,40.0–42.3,39.4,23.6,66.8,38.2,32.2
351–400,b'Aston University',United Kingdom,40.0–42.3,23.7,26.4,63.3,33.7,92.1
351–400,b'Autonomous University of Madrid',Spain,40.0–42.3,33.0,28.1,58.4,34.9,49.0
351–400,b'Brunel University London',United Kingdom,40.0–42.3,28.1,25.4,53.9,36.3,93.1
351–400,b'University of Canberra',Australia,40.0–42.3,22.9,25.2,68.0,33.6,65.9
351–400,b'University of Canterbury',New Zealand,40.0–42.3,23.7,26.9,60.9,37.9,90.4
351–400,"b'City, University of London'",United Kingdom,40.0–42.3,26.6,26.7,57.8,33.4,93.0
351–400,"b'Colorado State University, Fort Collins'",United States,40.0–42.3,28.7,30.9,67.9,36.7,37.7
351–400,b'University of C\xc3\xb4te d\xe2\x80\x99Azur',France,40.0–42.3,26.4,14.6,70.4,36.7,81.1
351–400,b'University of Crete',Greece,40.0–42.3,20.0,17.6,85.9,37.4,47.1
351–400,b'Curtin University',Australia,40.0–42.3,22.6,23.7,60.6,39.5,94.4
351–400,b'Cyprus University of Technology',Cyprus,40.0–42.3,17.8,13.8,88.6,33.0,69.9
351–400,b'Drexel University',United States,40.0–42.3,33.6,16.9,68.5,37.4,49.4
351–400,b'Federal University of Toulouse Midi-Pyr\xc3\xa9n\xc3\xa9es',France,40.0–42.3,30.9,25.8,65.4,35.6,61.4
351–400,b'University of Georgia',United States,40.0–42.3,30.1,32.3,60.7,34.3,42.6
351–400,b'Georgia State University',United States,40.0–42.3,30.9,24.7,65.4,32.1,39.7
351–400,b'Gwangju Institute of Science and Technology',South Korea,40.0–42.3,38.6,40.5,40.9,66.8,34.4
351–400,b'Hanyang University',South Korea,40.0–42.3,35.6,38.1,41.9,84.7,56.4
351–400,b'Heriot-Watt University',United Kingdom,40.0–42.3,26.2,21.5,65.2,37.8,92.4
351–400,b'HSE University',Russian Federation,40.0–42.3,32.8,28.7,61.6,39.4,40.5
351–400,b'Indian Institute of Technology Bombay',India,40.0–42.3,43.1,37.6,47.8,53.4,19.9
351–400,b'Justus Liebig University Giessen',Germany,40.0–42.3,32.8,29.4,61.7,40.2,48.0
351–400,b'University of Kansas',United States,40.0–42.3,36.2,22.7,63.3,39.1,36.7
351–400,b'Kyushu University',Japan,40.0–42.3,42.5,40.7,35.7,71.6,33.9
351–400,b'La Trobe University',Australia,40.0–42.3,27.1,33.0,49.8,58.1,79.5
351–400,b'Leibniz University Hannover',Germany,40.0–42.3,37.3,36.9,47.1,56.3,43.7
351–400,b'Link\xc3\xb6ping University',Sweden,40.0–42.3,23.4,14.9,78.4,41.9,63.1
351–400,b'University of Macau',Macao,40.0–42.3,22.0,26.5,56.7,42.0,98.7
351–400,b'University of Malaya',Malaysia,40.0–42.3,31.2,26.6,54.4,49.5,77.0
351–400,b'Montpellier University',France,40.0–42.3,34.8,16.7,68.7,35.2,58.7
351–400,b'\xc3\x96rebro University',Sweden,40.0–42.3,18.6,19.7,83.3,33.1,44.4
351–400,b'University of Padua',Italy,40.0–42.3,27.4,17.1,81.9,35.8,41.0
351–400,b'University of Pavia',Italy,40.0–42.3,24.3,21.9,74.7,54.7,44.8
351–400,b'University of Pisa',Italy,40.0–42.3,22.4,20.1,80.1,37.3,38.0
351–400,b'Royal Veterinary College',United Kingdom,40.0–42.3,24.0,18.3,70.8,40.3,84.5
351–400,b'Sabanc\xc4\xb1 University',Turkey,40.0–42.3,23.2,35.2,62.1,87.8,46.6
351–400,b'University of Salerno',Italy,40.0–42.3,19.1,15.5,87.8,39.4,33.5
351–400,b'University of South Carolina-Columbia',United States,40.0–42.3,33.6,27.8,63.2,33.2,39.8
351–400,b'Stellenbosch University',South Africa,40.0–42.3,28.3,36.1,60.0,7.3,52.6
351–400,b'University of Strasbourg',France,40.0–42.3,29.9,20.9,67.2,35.4,69.4
351–400,b'Sun Yat-sen University',China,40.0–42.3,39.9,32.3,55.9,52.0,32.8
351–400,b'Temple University',United States,40.0–42.3,34.2,19.1,74.6,36.1,34.3
351–400,b'University of Trieste',Italy,40.0–42.3,29.6,17.8,75.0,32.5,45.6
351–400,b'Tulane University',United States,40.0–42.3,39.7,14.7,66.1,35.1,39.5
351–400,b'University of Turku',Finland,40.0–42.3,25.7,27.6,70.0,33.9,50.3
351–400,b'University College Cork',Ireland,40.0–42.3,28.0,26.9,61.0,45.9,78.5
351–400,b'University of Vermont',United States,40.0–42.3,27.4,20.0,82.8,45.2,26.5
351–400,b'Universit\xc3\xa9 de Versailles Saint-Quentin-en-Yvelines',France,40.0–42.3,18.4,15.1,85.5,33.9,58.1
351–400,b'University of Waikato',New Zealand,40.0–42.3,21.0,24.1,63.5,39.1,89.2
351–400,b'Wayne State University',United States,40.0–42.3,32.5,16.6,75.1,42.5,36.7
351–400,b'York University',Canada,40.0–42.3,30.5,40.9,47.9,37.2,73.9
401–500,b'Auckland University of Technology',New Zealand,35.0–39.9,19.7,14.2,60.5,33.5,96.1
401–500,b'University of Bari Aldo Moro',Italy,35.0–39.9,25.0,17.9,70.1,38.9,34.7
401–500,b'Bar-Ilan University',Israel,35.0–39.9,27.6,32.7,44.9,59.0,53.3
401–500,b'University of Bergamo',Italy,35.0–39.9,20.2,20.0,69.6,41.5,34.3
401–500,b'Bilkent University',Turkey,35.0–39.9,23.3,20.3,67.1,42.8,55.6
401–500,"b'Binghamton University, State University of New York'",United States,35.0–39.9,23.0,19.5,70.3,34.9,42.9
401–500,b'Bo\xc4\x9fazi\xc3\xa7i University',Turkey,35.0–39.9,21.5,21.4,57.3,55.1,47.7
401–500,b'University of Brescia',Italy,35.0–39.9,17.5,15.6,73.9,35.2,40.2
401–500,b'University of Calabria',Italy,35.0–39.9,16.9,25.2,69.2,32.6,34.3
401–500,b'University of Campinas',Brazil,35.0–39.9,43.5,40.0,31.7,45.5,27.1
401–500,b'CentraleSup\xc3\xa9lec',France,35.0–39.9,26.3,16.2,56.7,45.0,82.5
401–500,b'Charles University in Prague',Czech Republic,35.0–39.9,29.0,22.0,56.3,32.1,55.6
401–500,b'Chung-Ang University',South Korea,35.0–39.9,37.4,35.6,25.9,77.5,58.2
401–500,b'Claude Bernard University Lyon 1',France,35.0–39.9,23.1,18.2,68.9,37.1,53.3
401–500,b'University of Cyprus',Cyprus,35.0–39.9,20.8,25.0,63.1,48.1,76.8
401–500,b'Dublin City University',Ireland,35.0–39.9,27.8,29.0,44.2,48.5,78.5
401–500,b'University of Florence',Italy,35.0–39.9,20.5,11.4,73.1,36.3,41.5
401–500,b'Florida International University',United States,35.0–39.9,28.2,19.5,59.2,35.6,37.4
401–500,b'University of Genoa',Italy,35.0–39.9,28.0,16.7,66.6,41.0,42.7
401–500,b'University of Graz',Austria,35.0–39.9,23.7,18.3,58.1,32.8,74.0
401–500,b'Graz University of Technology',Austria,35.0–39.9,26.2,16.3,58.5,69.3,74.7
401–500,b'University of Greifswald',Germany,35.0–39.9,29.1,20.2,63.6,36.7,46.0
401–500,b'Hamburg University of Technology',Germany,35.0–39.9,34.4,23.1,51.6,87.9,48.9
401–500,b'Hasselt University',Belgium,35.0–39.9,23.8,27.1,53.9,48.3,57.2
401–500,b'Hofstra University',United States,35.0–39.9,32.9,4.8,74.9,31.7,28.5
401–500,b'Hokkaido University',Japan,35.0–39.9,42.1,40.2,33.1,52.0,32.6
401–500,b'Hong Kong Baptist University',Hong Kong,35.0–39.9,22.0,13.8,66.9,32.4,84.8
401–500,b'Huazhong University of Science and Technology',China,35.0–39.9,31.2,27.5,50.3,63.9,22.5
401–500,b'University of Hull',United Kingdom,35.0–39.9,24.0,21.5,53.1,34.2,73.1
401–500,b'Jordan University of Science and Technology',Jordan,35.0–39.9,14.8,7.0,79.4,34.3,64.1
401–500,b'University of Jyv\xc3\xa4skyl\xc3\xa4',Finland,35.0–39.9,28.6,28.2,58.4,33.7,50.0
401–500,b'University of Kaiserslautern',Germany,35.0–39.9,34.1,22.8,48.7,73.2,48.5
401–500,b'Kazan Federal University',Russian Federation,35.0–39.9,25.5,16.5,70.9,38.8,30.1
401–500,b'University of KwaZulu-Natal',South Africa,35.0–39.9,25.0,30.8,49.8,41.2,59.3
401–500,b'Kyung Hee University',South Korea,35.0–39.9,29.0,37.0,46.0,82.2,54.3
401–500,b'University of Lille',France,35.0–39.9,21.1,20.9,62.3,37.4,56.5
401–500,b'Louisiana State University',United States,35.0–39.9,35.1,35.4,52.4,7.7,33.0
401–500,b'Makerere University',Uganda,35.0–39.9,17.5,11.6,75.8,38.1,58.5
401–500,b'University of Manitoba',Canada,35.0–39.9,27.0,27.2,56.9,40.2,45.4
401–500,b'Marche Polytechnic University',Italy,35.0–39.9,25.3,14.7,79.8,39.0,29.1
401–500,"b'University of Maryland, Baltimore County'",United States,35.0–39.9,23.6,17.0,70.7,33.4,32.8
401–500,b'Massey University',New Zealand,35.0–39.9,22.5,18.9,48.9,37.6,92.5
401–500,b'Maynooth University',Ireland,35.0–39.9,23.2,27.6,51.0,36.3,78.1
401–500,b'Middlesex University',United Kingdom,35.0–39.9,19.7,15.1,61.2,32.1,87.0
401–500,b'University of Milan-Bicocca',Italy,35.0–39.9,28.4,16.5,73.3,43.1,43.6
401–500,b'University of Missouri-Columbia',United States,35.0–39.9,32.0,19.5,59.8,33.1,36.0
401–500,b'University of Modena and Reggio Emilia',Italy,35.0–39.9,18.5,16.8,74.1,40.6,38.0
401–500,b'University of Montana',United States,35.0–39.9,34.6,17.7,69.9,33.6,25.6
401–500,b'Murdoch University',Australia,35.0–39.9,20.4,23.9,58.9,41.5,91.5
401–500,b'University of Naples Federico II',Italy,35.0–39.9 ,18.4,24.8,77.5,43.0,28.3
401–500,b'National Chiao Tung University',Taiwan,35.0–39.9,34.6,41.1,31.5,89.0,35.8
401–500,b'National Research Nuclear University MEPhI',Russian Federation,35.0–39.9,32.6,25.5,53.1,99.7,49.5
401–500,b'National Taiwan University of Science and Technology (Taiwan Tech)',Taiwan,35.0–39.9,30.4,43.1,39.9,85.1,36.0
401–500,b'University of Nebraska Medical Center',United States,35.0–39.9,34.7,10.6,58.6,36.2,41.2
401–500,b'University of Neuch\xc3\xa2tel',Switzerland,35.0–39.9,23.6,20.9,47.4,33.7,90.9
401–500,b'Northern Arizona University',United States,35.0–39.9,19.7,11.3,91.6,32.1,29.8
401–500,b'Norwegian University of Life Sciences',Norway,35.0–39.9,24.0,7.9,68.0,37.3,77.9
401–500,b'Novosibirsk State University',Russian Federation,35.0–39.9,42.9,29.5,34.7,37.9,41.3
401–500,b'University of Oklahoma',United States,35.0–39.9,32.6,18.6,68.2,38.5,37.2
401–500,b'The Open University',United Kingdom,35.0–39.9,20.9,16.2,67.6,32.4,53.6
401–500,b'Oxford Brookes University',United Kingdom,35.0–39.9,31.7,27.2,40.3,32.2,75.3
401–500,b'University of Parma',Italy,35.0–39.9,18.6,19.0,69.0,37.3,37.3
401–500,b'University of Plymouth',United Kingdom,35.0–39.9,21.5,19.7,68.6,32.3,68.3
401–500,b'Polytechnic University of Catalonia',Spain,35.0–39.9,27.1,17.6,55.3,41.6,53.2
401–500,b'Polytechnic University of Turin',Italy,35.0–39.9,26.9,20.9,68.6,48.1,48.1
401–500,b'Qatar University',Qatar,35.0–39.9,19.8,18.3,60.7,46.1,99.8
401–500,b'Quaid-i-Azam University',Pakistan,35.0–39.9,21.6,1.3,81.2,31.7,42.1
401–500,b'Reykjav\xc3\xadk University',Iceland,35.0–39.9,14.9,16.0,79.1,33.7,60.1
401–500,b'RMIT University',Australia,35.0–39.9,24.2,20.5,53.3,38.4,87.1
401–500,b'University of Rome II \xe2\x80\x93 Tor Vergata',Italy,35.0–39.9,25.2,15.4,71.9,38.5,43.3
401–500,b'University of Rome III',Italy,35.0–39.9,26.3,10.6,67.3,37.4,38.4
401–500,b'Roskilde University',Denmark,35.0–39.9,20.0,29.3,52.1,35.0,49.6
401–500,b'University of Rovira i Virgili',Spain,35.0–39.9,22.2,17.2,76.4,34.5,47.7
401–500,b'University of St Gallen',Switzerland,35.0–39.9,30.1,19.5,52.0,43.7,96.0
401–500,b'Saint Louis University',United States,35.0–39.9,35.7,14.7,65.0,34.7,28.0
401–500,b'Saint Petersburg State University',Russian Federation,35.0–39.9,47.3,29.8,31.5,33.1,37.4
401–500,b'San Diego State University',United States,35.0–39.9,23.6,23.4,69.1,32.8,30.2
401–500,b'University of Saskatchewan',Canada,35.0–39.9,34.7,24.5,40.9,60.2,66.8
401–500,b'Sciences Po',France,35.0–39.9,32.6,27.1,52.1,36.2,70.5
401–500,b'Semmelweis University',Hungary,35.0–39.9,22.6,11.9,61.5,34.4,73.8
401–500,b'University of Siegen',Germany,35.0–39.9,24.8,25.2,61.2,39.6,52.4
401–500,b'University of Siena',Italy,35.0–39.9,20.7,13.8,68.8,34.4,41.3
401–500,b'SOAS University of London',United Kingdom,35.0–39.9,37.1,35.0,31.0,31.8,77.0
401–500,b'Southern Cross University',Australia,35.0–39.9,23.3,23.5,52.6,41.0,57.7
401–500,b'University of Strathclyde',United Kingdom,35.0–39.9,26.1,32.2,44.1,45.1,80.9
401–500,b'Swinburne University of Technology',Australia,35.0–39.9,25.6,24.3,59.0,36.1,74.2
401–500,b'University of Texas at San Antonio',United States,35.0–39.9,18.8,18.4,84.2,32.4,34.2
401–500,b'Tokyo Medical and Dental University (TMDU)',Japan,35.0–39.9,35.9,20.5,53.2,57.1,24.5
401–500,b'Tongji University',China,35.0–39.9,36.5,38.2,25.4,99.4,47.5
401–500,b'University of Tsukuba',Japan,35.0–39.9,38.6,35.0,34.1,47.0,39.9
401–500,b'University of Tulsa',United States,35.0–39.9,35.5,14.1,62.1,56.5,44.9
401–500,b'University of Turin',Italy,35.0–39.9,20.6,20.3,72.3,45.3,43.7
401–500,b'UiT The Arctic University of Norway',Norway,35.0–39.9,20.9,17.1,63.5,40.5,68.0
401–500,b'University of Urbino Carlo Bo',Italy,35.0–39.9,17.9,10.0,81.3,34.1,43.4
401–500,b'Verona University',Italy,35.0–39.9,22.8,11.9,79.8,36.8,42.0
401–500,b'Victoria University of Wellington',New Zealand,35.0–39.9,27.6,30.4,48.0,57.2,87.6
401–500,b'Western Sydney University',Australia,35.0–39.9,19.1,26.0,62.3,37.1,77.8
401–500,b'University of Wisconsin-Milwaukee',United States,35.0–39.9,23.2,20.4,65.7,33.4,30.7
401–500,b'Wuhan University',China,35.0–39.9,44.9,33.7,37.5,89.9,37.7
401–500,b'Xiamen University',China,35.0–39.9,28.8,24.9,56.4,9.7,28.9
501–600,b'Alfaisal University',Saudi Arabia,30.7–34.9,16.1,27.3,39.3,54.3,97.4
501–600,b'American University of Beirut',Lebanon,30.7–34.9,25.7,12.2,52.9,38.3,87.5
501–600,b'Aristotle University of Thessaloniki',Greece,30.7–34.9,20.6,15.9,53.8,38.5,38.2
501–600,b'University of Arkansas',United States,30.7–34.9,26.4,19.5,47.6,44.5,30.0
501–600,b'Athens University of Economics and Business',Greece,30.7–34.9,17.7,22.8,51.8,48.6,45.8
501–600,b'Australian Catholic University',Australia,30.7–34.9,16.8,19.7,59.5,35.3,45.0
501–600,b'University of Aveiro',Portugal,30.7–34.9,23.5,26.3,45.5,39.8,49.0
501–600,b'Blaise Pascal University',France,30.7–34.9,21.5,6.5,61.1,33.5,62.9
501–600,b'Bond University',Australia,30.7–34.9,19.3,23.4,37.6,34.6,88.9
501–600,b'Universit\xc3\xa9 Bourgogne Franche-Comt\xc3\xa9 (UBFC)',France,30.7–34.9,23.9,13.0,55.6,35.7,50.6
501–600,b'Ca\xe2\x80\x99 Foscari University of Venice',Italy,30.7–34.9,25.6,28.4,37.3,34.7,43.3
501–600,b'Carleton University',Canada,30.7–34.9,20.5,28.0,43.0,33.6,65.6
501–600,b'University of Catania',Italy,30.7–34.9,17.2,11.7,70.1,34.3,28.4
501–600,b'Catholic University of the Sacred Heart',Italy,30.7–34.9,19.7,11.6,62.5,35.3,35.8
501–600,b'Central China Normal University',China,30.7–34.9,23.5,9.2,72.5,39.0,28.7
501–600,b'Central Queensland University',Australia,30.7–34.9,27.8,10.1,58.9,34.3,61.2
501–600,"b'China Medical University, Taiwan'",Taiwan,30.7–34.9,24.4,27.1,42.3,79.1,29.3
501–600,b'University of Coimbra',Portugal,30.7–34.9,25.3,23.4,48.2,37.8,55.1
501–600,b'Complutense University of Madrid',Spain,30.7–34.9,35.2,27.4,38.5,33.5,41.7
501–600,b'Concordia University',Canada,30.7–34.9,21.4,24.0,40.3,34.8,80.7
501–600,b'Creighton University',United States,30.7–34.9,37.1,10.3,56.2,35.0,31.1
501–600,b'Diego Portales University',Chile,30.7–34.9,15.7,8.7,74.7,31.8,47.7
501–600,b'East China Normal University',China,30.7–34.9,25.4,20.1,46.9,46.0,47.2
501–600,b'Edith Cowan University',Australia,30.7–34.9,20.4,20.3,52.2,36.4,77.4
501–600,b'Ewha Womans University',South Korea,30.7–34.9,27.1,26.4,43.0,68.9,42.6
501–600,b'Federal University of S\xc3\xa3o Paulo (UNIFESP)',Brazil,30.7–34.9,35.8,16.9,41.2,34.0,24.6
501–600,b'Federico Santa Mar\xc3\xada Technical University',Chile,30.7–34.9,14.6,10.7,64.8,40.0,51.7
501–600,b'University of Ferrara',Italy,30.7–34.9,21.2,10.2,69.6,34.2,44.8
501–600,b'Fujita Health University',Japan,30.7–34.9,24.2,7.7,74.5,35.2,17.3
501–600,b'University of Granada',Spain,30.7–34.9,22.5,19.2,46.8,32.8,50.1
501–600,b'Harbin Institute of Technology',China,30.7–34.9,34.4,31.9,31.4,99.0,31.6
501–600,b'University of Hertfordshire',United Kingdom,30.7–34.9,18.2,11.9,54.0,32.6,79.0
501–600,b'Indian Institute of Technology Delhi',India,30.7–34.9,36.6,19.2,48.7,51.8,16.8
501–600,b'Indian Institute of Technology Kanpur',India,30.7–34.9,32.6,21.7,38.5,92.7,19.5
501–600,b'Indian Institute of Technology Kharagpur',India,30.7–34.9,32.6,29.5,43.3,73.7,16.8
501–600,b'Indian Institute of Technology Roorkee',India,30.7–34.9,30.2,18.1,56.1,69.9,16.0
501–600,b'University of Ioannina',Greece,30.7–34.9,19.2,14.9,68.1,36.5,42.7
501–600,b'ITMO University',Russian Federation,30.7–34.9,26.5,17.8,44.3,67.7,50.3
501–600,b'Johannes Kepler University of Linz',Austria,30.7–34.9,26.3,15.3,49.8,53.7,59.9
501–600,b'Keele University',United Kingdom,30.7–34.9,19.8,19.5,54.5,33.8,73.4
501–600,b'Kent State University',United States,30.7–34.9,23.8,16.9,60.2,32.1,37.3
501–600,b'King Fahd University of Petroleum and Minerals',Saudi Arabia,30.7–34.9,26.8,12.8,37.4,61.7,85.5
501–600,b'King Saud University',Saudi Arabia,30.7–34.9,24.5,27.6,30.7,95.1,78.8
501–600,b'Konkuk University',South Korea,30.7–34.9,33.1,32.5,23.3,39.4,40.5
501–600,b'Lappeenranta-Lahti University of Technology LUT',Finland,30.7–34.9,26.7,26.5,32.6,55.8,58.7
501–600,b'Lehigh University',United States,30.7–34.9,24.7,19.9,54.5,36.6,40.5
501–600,b'University of Limerick',Ireland,30.7–34.9,22.1,19.9,46.5,36.0,85.0
501–600,b'Lincoln University',New Zealand,30.7–34.9,29.1,16.1,41.8,36.6,83.7
501–600,b'University of Lisbon',Portugal,30.7–34.9,24.0,22.6,53.2,36.8,49.4
501–600,b'Liverpool John Moores University',United Kingdom,30.7–34.9,18.0,14.7,62.7,32.7,66.8
501–600,b'University of Lorraine',France,30.7–34.9,21.9,11.3,60.7,37.8,58.0
501–600,b'Mahidol University',Thailand,30.7–34.9,27.1,16.0,43.4,60.0,45.0
501–600,b'Masaryk University',Czech Republic,30.7–34.9,22.2,22.7,42.8,33.7,56.3
501–600,b'Memorial University of Newfoundland',Canada,30.7–34.9,19.1,16.1,55.9,49.5,58.3
501–600,b'Missouri University of Science and Technology',United States,30.7–34.9,26.2,23.9,40.6,47.5,65.9
501–600,b'Montana State University',United States,30.7–34.9,18.1,18.2,66.1,48.2,27.2
501–600,b'University of Nantes',France,30.7–34.9,20.2,19.3,55.7,36.2,46.8
501–600,b'National and Kapodistrian University of Athens',Greece,30.7–34.9,26.3,13.6,54.4,49.3,46.2
501–600,b'National Cheng Kung University (NCKU)',Taiwan,30.7–34.9,28.3,38.2,28.3,99.8,31.9
501–600,b'National Taiwan Normal University',Taiwan,30.7–34.9,28.8,33.5,25.3,82.9,47.9
501–600,b'New Jersey Institute of Technology',United States,30.7–34.9,19.7,14.7,59.7,34.2,55.4
501–600,b'Northumbria University',United Kingdom,30.7–34.9,19.1,15.2,50.3,32.4,65.1
501–600,b'NOVA University of Lisbon',Portugal,30.7–34.9,24.8,24.8,46.5,43.9,55.9
501–600,b'Oklahoma State University',United States,30.7–34.9,27.5,22.4,42.5,36.1,29.8
501–600,b'University of Palermo',Italy,30.7–34.9,19.1,13.5,67.8,33.0,25.7
501–600,b'Panth\xc3\xa9on-Sorbonne University \xe2\x80\x93 Paris 1',France,30.7–34.9,49.3,40.1,10.4,32.0,50.8
501–600,b'Polytechnic University of Valencia',Spain,30.7–34.9,24.0,25.4,44.4,43.5,43.6
501–600,b'Pontifical Catholic University of Chile',Chile,30.7–34.9,25.9,25.1,42.5,35.8,53.9
501–600,b'Pontifical Javeriana University',Colombia,30.7–34.9,17.0,8.7,66.6,32.6,44.7
501–600,b'University of Porto',Portugal,30.7–34.9,27.1,26.9,47.0,39.8,48.3
501–600,b'University of Portsmouth',United Kingdom,30.7–34.9,19.1,14.3,57.1,32.1,83.1
501–600,b'Universit\xc3\xa9 du Qu\xc3\xa9bec',Canada,30.7–34.9,26.2,22.4,43.4,40.9,62.9
501–600,b'Renmin University of China',China,30.7–34.9,42.3,21.4,37.6,38.2,42.6
501–600,b'University of Salento',Italy,30.7–34.9,20.1,11.8,62.4,36.6,26.6
501–600,b'University of Sassari',Italy,30.7–34.9,20.9,13.1,61.0,34.1,35.8
501–600,b'Sejong University',South Korea,30.7–34.9,25.5,18.5,50.2,35.0,33.2
501–600,b'Shandong University',China,30.7–34.9,35.4,30.9,29.5,69.7,22.7
501–600,b'Universit\xc3\xa9 de Sherbrooke',Canada,30.7–34.9,29.0,13.2,51.3,33.4,57.2
501–600,b'Soochow University',China,30.7–34.9,21.1,17.7,61.6,68.4,22.5
501–600,b'South China University of Technology',China,30.7–34.9,22.5,24.1,48.3,65.9,22.5
501–600,b'University of South Dakota',United States,30.7–34.9,30.9,14.0,56.4,33.6,24.1
501–600,b'Southeast University',China,30.7–34.9,29.7,32.9,33.2,92.7,21.7
501–600,b'University of Split',Croatia,30.7–34.9,16.8,12.5,60.3,33.5,41.7
501–600,b'Stevens Institute of Technology',United States,30.7–34.9,20.6,16.2,59.5,33.2,64.2
501–600,b'University of the Sunshine Coast',Australia,30.7–34.9,17.1,20.9,46.5,34.4,63.3
501–600,b'University of Texas at Arlington',United States,30.7–34.9,20.8,16.4,51.5,37.7,41.3
501–600,b'Texas Tech University',United States,30.7–34.9,31.0,18.4,39.5,33.1,42.5
501–600,b'Tampere University of Technology',Finland,30.7–34.9,25.4,15.9,54.2,80.2,51.0
501–600,b'Tianjin University',China,30.7–34.9,36.9,32.8,28.5,97.1,18.8
501–600,b'Tokyo Metropolitan University',Japan,30.7–34.9,22.7,13.3,57.8,34.0,24.8
501–600,b'University of Toledo',United States,30.7–34.9,32.7,13.9,42.9,42.9,41.9
501–600,b'Tomsk State University',Russian Federation,30.7–34.9,36.7,26.5,32.8,63.6,57.1
501–600,b'Universiti Tunku Abdul Rahman (UTAR)',Malaysia,30.7–34.9,15.4,7.8,71.3,32.5,30.8
501–600,b'University of Ulsan',South Korea,30.7–34.9,20.1,20.3,59.4,56.2,20.7
501–600,b'Ulster University',United Kingdom,30.7–34.9,21.0,15.6,50.6,33.0,72.0
501–600,b'United Arab Emirates University',United Arab Emirates,30.7–34.9,22.9,16.9,49.1,38.4,95.1
501–600,b'University of Valencia',Spain,30.7–34.9,21.9,18.4,56.2,34.4,42.2
501–600,b'University of Warsaw',Poland,30.7–34.9,25.9,18.3,47.1,32.4,44.6
501–600,b'University of the West of Scotland',United Kingdom,30.7–34.9,14.9,10.9,68.2,32.4,61.4
501–600,b'Xi\xe2\x80\x99an Jiaotong University',China,30.7–34.9,32.7,26.2,35.0,56.0,35.8
601–800,b'University of the Aegean',Greece,21.5–30.6,17.7,16.4,41.3,32.4,35.4
601–800,b'AGH University of Science and Technology',Poland,21.5–30.6,18.6,12.3,35.6,35.7,20.3
601–800,b'The University of Aizu',Japan,21.5–30.6,19.4,10.0,42.7,34.8,67.5
601–800,b'University of Alcal\xc3\xa1',Spain,21.5–30.6,20.4,12.2,45.9,40.5,59.8
601–800,b'University of Algarve',Portugal,21.5–30.6,19.5,11.2,42.3,33.2,56.9
601–800,b'Aligarh Muslim University',India,21.5–30.6,29.9,10.1,33.1,31.7,23.9
601–800,b'American University in Cairo',Egypt,21.5–30.6,23.3,18.0,24.7,32.5,68.3
601–800,b'American University of Sharjah',United Arab Emirates,21.5–30.6,15.5,12.5,22.7,35.4,96.2
601–800,b'Amirkabir University of Technology',Iran,21.5–30.6,27.4,27.2,35.3,74.4,16.8
601–800,"b'University of the Andes, Colombia'",Colombia,21.5–30.6,21.1,15.0,49.4,39.9,53.2
601–800,b'At\xc4\xb1l\xc4\xb1m University',Turkey,21.5–30.6,16.1,7.5,60.0,33.3,34.6
601–800,b'Auburn University',United States,21.5–30.6,31.8,20.2,30.9,38.9,33.2
601–800,b'Babe\xc5\x9f-Bolyai University',Romania,21.5–30.6,24.8,11.3,32.9,32.2,40.8
601–800,b'Banaras Hindu University',India,21.5–30.6,24.8,15.5,26.4,31.7,16.0
601–800,b'University of the Basque Country',Spain,21.5–30.6,21.0,14.8,51.4,34.8,40.8
601–800,b'Baylor University',United States,21.5–30.6,30.7,16.7,39.2,33.1,27.1
601–800,b'University of Bedfordshire',United Kingdom,21.5–30.6,17.6,12.0,24.5,32.0,71.8
601–800,b'Beihang University',China,21.5–30.6,27.1,30.6,21.0,99.1,24.2
601–800,b'Beijing Institute of Technology',China,21.5–30.6,29.2,28.5,16.5,93.9,22.1
601–800,b'University of Beira Interior',Portugal,21.5–30.6,20.0,15.0,48.7,32.0,41.8
601–800,b'Ben-Gurion University of the Negev',Israel,21.5–30.6,24.6,26.4,34.7,42.7,35.5
601–800,b'Beni-Suef University',Egypt,21.5–30.6,18.4,6.4,63.2,31.8,43.3
601–800,b'Bournemouth University',United Kingdom,21.5–30.6,18.1,15.7,40.9,32.1,77.0
601–800,b'University of Bradford',United Kingdom,21.5–30.6,19.2,14.5,26.7,34.6,81.4
601–800,b'University of Brighton',United Kingdom,21.5–30.6,18.2,12.5,39.3,32.7,69.6
601–800,b'University of Cagliari',Italy,21.5–30.6,20.5,6.1,62.6,34.4,36.0
601–800,b'Capital Medical University',China,21.5–30.6,26.4,18.9,19.0,32.4,20.5
601–800,b'Carlos III University of Madrid',Spain,21.5–30.6,24.6,15.3,33.6,36.3,56.8
601–800,b'University of Central Lancashire',United Kingdom,21.5–30.6,17.2,12.5,35.3,32.2,59.3
601–800,b'Central South University',China,21.5–30.6,23.6,23.7,26.8,68.4,16.6
601–800,b'Chang Gung University',Taiwan,21.5–30.6,22.1,25.5,29.9,41.7,19.1
601–800,"b'University of Chemistry and Technology, Prague'",Czech Republic,21.5–30.6,24.8,13.8,20.9,39.2,49.4
601–800,b'Chiba University',Japan,21.5–30.6,27.6,17.7,32.1,52.5,24.2
601–800,b'University of Chile',Chile,21.5–30.6,24.4,19.0,34.3,31.8,49.1
601–800,b'China Agricultural University',China,21.5–30.6,33.3,23.1,34.7,45.2,20.6
601–800,"b'China University of Geosciences, Beijing'",China,21.5–30.6,27.7,14.5,41.8,50.7,20.6
601–800,"b'China University of Geosciences, Wuhan'",China,21.5–30.6,21.6,15.2,33.5,48.0,21.8
601–800,b'Chonnam National University',South Korea,21.5–30.6,20.8,14.5,31.1,36.9,24.1
601–800,b'Chulalongkorn University',Thailand,21.5–30.6,27.0,14.9,18.4,73.3,34.8
601–800,b'Comenius University in Bratislava',Slovakia,21.5–30.6,22.6,11.9,25.3,31.8,49.1
601–800,b'COMSATS University Islamabad',Pakistan,21.5–30.6,17.5,7.4,56.8,31.8,44.3
601–800,b'Coventry University',United Kingdom,21.5–30.6,18.6,10.1,28.7,32.3,82.0
601–800,b'Czech Technical University in Prague',Czech Republic,21.5–30.6,20.2,17.3,28.5,39.3,45.3
601–800,b'Dalian University of Technology',China,21.5–30.6,23.3,21.3,32.6,82.9,23.1
601–800,b'University of Dayton',United States,21.5–30.6,30.2,15.1,22.3,37.8,33.0
601–800,b'University of Delhi',India,21.5–30.6,40.2,17.6,23.1,31.9,18.4
601–800,b'De Montfort University',United Kingdom,21.5–30.6,18.9,13.6,31.9,31.9,65.5
601–800,b'East China University of Science and Technology',China,21.5–30.6,20.9,17.2,45.9,83.8,30.6
601–800,b'Eastern Mediterranean University',Northern Cyprus,21.5–30.6,18.0,16.3,36.1,79.5,80.9
601–800,b'University of East London',United Kingdom,21.5–30.6,22.4,13.1,18.2,31.8,77.3
601–800,b'\xc3\x89cole Centrale de Lyon',France,21.5–30.6,29.2,15.0,33.9,71.4,61.9
601–800,b'Dublin Institute of Technology',Ireland,21.5–30.6,17.0,10.7,34.6,33.5,77.5
601–800,b'\xc3\x89cole normale sup\xc3\xa9rieure Paris-Saclay',France,21.5–30.6,31.3,10.6,42.2,45.0,55.3
601–800,b'Edinburgh Napier University',United Kingdom,21.5–30.6,17.0,10.9,30.4,34.2,77.1
601–800,b'Embry-Riddle Aeronautical University',United States,21.5–30.6,16.6,7.4,63.6,31.9,27.6
601–800,b'E\xc3\xb6tv\xc3\xb6s Lor\xc3\xa1nd University',Hungary,21.5–30.6,21.1,12.6,42.2,32.4,47.0
601–800,b'Federal University of ABC (UFABC)',Brazil,21.5–30.6,29.2,12.1,29.3,34.5,32.8
601–800,b'Federal University of Itajub\xc3\xa1',Brazil,21.5–30.6,29.5,20.4,11.8,100.0,19.6
601–800,b'Federal University of Minas Gerais',Brazil,21.5–30.6,29.3,14.5,30.8,34.3,24.8
601–800,b'Federal University of Rio de Janeiro',Brazil,21.5–30.6,30.2,19.8,23.2,40.5,28.3
601–800,b'Federal University of Rio Grande do Sul',Brazil,21.5–30.6,30.0,9.0,30.7,6.1,23.5
601–800,b'Florida Atlantic University',United States,21.5–30.6,19.0,12.9,40.6,1.7,45.5
601–800,b'Florida Institute of Technology',United States,21.5–30.6,22.4,12.7,26.1,34.7,59.7
601–800,b'Fuzhou University',China,21.5–30.6,17.5,10.2,54.0,42.1,20.0
601–800,b'Gebze Technical University',Turkey,21.5–30.6,19.8,10.4,34.7,33.4,26.6
601–800,b'Glasgow Caledonian University',United Kingdom,21.5–30.6,17.1,10.9,42.9,32.7,59.9
601–800,b'University of Greenwich',United Kingdom,21.5–30.6,17.1,12.3,40.1,33.2,84.7
601–800,b'Hacettepe University',Turkey,21.5–30.6,28.2,10.7,42.9,33.8,23.6
601–800,b'University of Haifa',Israel,21.5–30.6,24.9,30.0,34.3,33.8,35.9
601–800,b'Hiroshima University',Japan,21.5–30.6,29.7,19.6,39.0,48.9,26.8
601–800,b'Huazhong Agricultural University',China,21.5–30.6,26.8,12.9,48.0,39.8,18.5
601–800,b'University of Huddersfield',United Kingdom,21.5–30.6,20.5,16.3,26.5,33.5,66.0
601–800,b'Hunan University',China,21.5–30.6,20.5,19.6,42.2,51.3,18.3
601–800,b'Indian Institute of Technology Guwahati',India,21.5–30.6,24.8,19.2,46.4,36.1,15.1
601–800,b'Indian Institute of Technology (Indian School of Mines) Dhanbad',India,21.5–30.6,22.8,11.9,43.1,49.7,13.2
601–800,b'Indian Institute of Technology Madras',India,21.5–30.6,36.9,22.1,29.2,71.5,18.2
601–800,b'Inha University',South Korea,21.5–30.6,23.0,19.5,23.1,66.3,27.1
601–800,b'Iran University of Science and Technology',Iran,21.5–30.6,25.5,24.7,36.3,51.2,15.1
601–800,b'ISCTE-University Institute of Lisbon',Portugal,21.5–30.6,24.6,24.7,17.5,33.5,46.6
601–800,b'Isfahan University of Technology',Iran,21.5–30.6,21.4,20.5,41.8,84.1,20.1
601–800,b'Istanbul Technical University',Turkey,21.5–30.6,22.5,24.2,33.5,100.0,25.6
601–800,b'Jadavpur University',India,21.5–30.6,33.3,18.5,33.3,38.6,14.9
601–800,b'University of Ja\xc3\xa9n',Spain,21.5–30.6,16.7,11.7,39.8,34.2,32.2
601–800,b'Jagiellonian University',Poland,21.5–30.6,23.1,14.2,37.9,32.7,34.3
601–800,b'Jeonbuk National University',South Korea,21.5–30.6,21.6,18.7,26.0,37.2,28.3
601–800,b'University of Johannesburg',South Africa,21.5–30.6,19.3,23.5,36.3,42.7,55.6
601–800,b'Juntendo University',Japan,21.5–30.6,32.2,12.4,27.9,48.5,20.1
601–800,b'Kagawa University',Japan,21.5–30.6,21.6,11.1,33.1,36.9,27.9
601–800,b'Kanazawa University',Japan,21.5–30.6,27.4,16.7,31.7,33.8,21.5
601–800,b'Kansas State University',United States,21.5–30.6,24.3,17.8,44.1,41.5,45.1
601–800,b'Kaohsiung Medical University',Taiwan,21.5–30.6,20.2,19.1,28.1,50.2,24.4
601–800,b'Universiti Kebangsaan Malaysia',Malaysia,21.5–30.6,30.5,21.4,11.0,34.1,39.1
601–800,b'Keio University',Japan,21.5–30.6,31.6,23.2,33.1,40.1,27.5
601–800,b'King Mongkut\xe2\x80\x99s University of Technology Thonburi',Thailand,21.5–30.6,18.0,10.6,42.3,98.0,30.1
601–800,b'Kingston University',United Kingdom,21.5–30.6,18.8,15.6,26.4,32.2,80.2
601–800,b'K.N. Toosi University of Technology',Iran,21.5–30.6,19.4,18.5,27.0,47.4,16.7
601–800,b'Kobe University',Japan,21.5–30.6,30.3,19.3,26.5,38.9,24.8
601–800,b'Kochi University',Japan,21.5–30.6,20.1,9.4,36.0,37.6,25.8
601–800,b'Kumamoto University',Japan,21.5–30.6,24.8,13.6,24.9,43.8,26.4
601–800,b'Kuwait University',Kuwait,21.5–30.6,19.1,8.8,27.1,35.3,70.8
601–800,b'Kyungpook National University',South Korea,21.5–30.6,22.1,19.6,22.9,39.0,24.5
601–800,b'University of La Laguna',Spain,21.5–30.6,18.1,9.7,57.5,32.4,46.6
601–800,b'Leeds Beckett University',United Kingdom,21.5–30.6,16.8,11.1,39.5,32.2,46.8
601–800,b'University of Lincoln',United Kingdom,21.5–30.6,17.0,12.1,30.1,32.8,65.5
601–800,b'University of Ljubljana',Slovenia,21.5–30.6,25.7,16.1,35.8,35.6,38.5
601–800,b'Manchester Metropolitan University',United Kingdom,21.5–30.6,19.1,11.8,29.9,32.0,59.4
601–800,b'University of Maribor',Slovenia,21.5–30.6,18.9,15.3,49.0,39.2,36.7
601–800,b'Marquette University',United States,21.5–30.6,35.1,12.7,30.0,34.6,22.0
601–800,b'Middle East Technical University',Turkey,21.5–30.6,28.6,20.6,31.9,61.2,29.4
601–800,b'University of Minho',Portugal,21.5–30.6,23.2,22.8,35.8,67.6,47.3
601–800,b'Mississippi State University',United States,21.5–30.6,19.0,15.8,42.9,34.9,23.1
601–800,b'Monterrey Institute of Technology',Mexico,21.5–30.6,24.3,14.8,31.9,80.1,65.4
601–800,b'University of Murcia',Spain,21.5–30.6,20.1,12.4,32.1,33.0,34.7
601–800,b'Nagoya City University',Japan,21.5–30.6,23.1,12.5,32.2,42.8,19.5
601–800,b'Nanjing Agricultural University',China,21.5–30.6,23.0,16.2,43.1,42.9,18.0
601–800,b'Nanjing Medical University',China,21.5–30.6,24.9,22.6,37.6,32.8,19.5
601–800,b'Nanjing Normal University',China,21.5–30.6,19.9,10.2,40.2,47.3,18.4
601–800,b'Nanjing Tech University',China,21.5–30.6,17.7,12.0,39.4,62.0,18.0
601–800,b'National Autonomous University of Mexico',Mexico,21.5–30.6,34.4,29.4,19.4,57.3,39.3
601–800,b'National Central University',Taiwan,21.5–30.6,25.0,23.3,20.9,67.2,35.1
601–800,b'National Chengchi University',Taiwan,21.5–30.6,23.0,24.5,11.5,34.0,42.8
601–800,b'National Institute of Applied Sciences of Lyon (INSA Lyon)',France,21.5–30.6,25.7,12.6,39.0,62.8,75.3
601–800,b'National Institute of Technology Rourkela',India,21.5–30.6,25.3,13.9,47.4,33.3,15.5
601–800,b'National University of Science and Technology (MISiS)',Russian Federation,21.5–30.6,22.0,20.1,24.2,60.1,56.3
601–800,b'National University of Sciences and Technology',Pakistan,21.5–30.6,20.3,8.7,39.9,32.6,37.0
601–800,b'National Sun Yat-Sen University',Taiwan,21.5–30.6,24.4,28.1,26.4,46.8,27.9
601–800,b'National Yang-Ming University',Taiwan,21.5–30.6,37.8,18.0,37.7,34.8,18.6
601–800,b'New Mexico State University (Main campus)  ',United States,21.5–30.6,22.8,9.0,57.7,36.4,35.2
601–800,b'University of North Carolina at Greensboro',United States,21.5–30.6,22.9,20.2,41.0,33.0,19.1
601–800,b'Northeast Normal University',China,21.5–30.6,22.7,5.8,51.2,33.5,16.4
601–800,b'University of Northern British Columbia (UNBC)',Canada,21.5–30.6,20.2,13.1,34.6,36.6,38.9
601–800,b'Northwestern Polytechnical University',China,21.5–30.6,23.9,29.7,17.2,76.4,18.4
601–800,b'Nottingham Trent University',United Kingdom,21.5–30.6,18.3,11.4,35.1,32.0,60.0
601–800,b'Okayama University',Japan,21.5–30.6,25.4,15.4,26.4,45.9,22.5
601–800,b'Old Dominion University',United States,21.5–30.6,24.2,18.2,51.0,1.7,28.8
601–800,b'Osaka City University',Japan,21.5–30.6,25.2,13.9,26.0,38.7,22.4
601–800,b'Otto von Guericke University of Magdeburg',Germany,21.5–30.6,23.4,12.8,47.3,41.6,52.9
601–800,b'University of Oviedo',Spain,21.5–30.6,27.0,13.5,49.1,34.1,31.9
601–800,b'Palack\xc3\xbd University Olomouc',Czech Republic,21.5–30.6,19.3,12.2,45.0,32.5,54.6
601–800,b'Panjab University',India,21.5–30.6,27.1,8.6,55.5,31.8,16.0
601–800,b'University of Patras',Greece,21.5–30.6,19.1,12.4,37.2,45.1,35.7
601–800,b'University of P\xc3\xa9cs',Hungary,21.5–30.6,19.4,10.1,39.3,46.9,55.3
601–800,b'Peter the Great St Petersburg Polytechnic University',Russian Federation,21.5–30.6,28.5,14.8,27.3,53.0,48.8
601–800,b'University of the Philippines',Philippines,21.5–30.6,20.5,10.0,40.0,32.6,39.8
601–800,b'Pontifical Catholic University of Peru',Peru,21.5–30.6,15.4,5.2,40.6,31.7,51.3
601–800,b'Pontifical Catholic University of Rio de Janeiro (PUC-Rio)',Brazil,21.5–30.6,27.5,23.1,21.5,99.8,40.3
601–800,b'Portland State University',United States,21.5–30.6,20.4,15.4,49.4,39.6,32.0
601–800,b'University of Pretoria',South Africa,21.5–30.6,25.7,26.5,29.3,63.5,49.9
601–800,b'Pusan National University',South Korea,21.5–30.6,27.1,27.9,28.8,63.1,34.9
601–800,b'Universiti Putra Malaysia',Malaysia,21.5–30.6,26.6,23.7,17.2,36.0,61.1
601–800,b'University of Regina',Canada,21.5–30.6,16.9,6.2,42.5,32.5,51.2
601–800,b'University Rey Juan Carlos',Spain,21.5–30.6,18.8,10.3,37.3,34.6,42.8
601–800,b'Rochester Institute of Technology',United States,21.5–30.6,20.1,17.7,41.2,33.6,37.9
601–800,b'University of Roehampton',United Kingdom,21.5–30.6,18.8,19.2,16.2,32.1,72.0
601–800,b'Universiti Sains Malaysia',Malaysia,21.5–30.6,32.2,17.7,15.0,38.4,45.8
601–800,b'University of Salamanca',Spain,21.5–30.6,24.8,13.7,35.5,33.5,47.7
601–800,b'University of Salford',United Kingdom,21.5–30.6,21.2,14.3,22.0,32.6,69.9
601–800,b'Samara State Aerospace University',Russian Federation,21.5–30.6,33.6,10.4,34.9,51.3,19.4
601–800,b'University of Santiago de Compostela',Spain,21.5–30.6,20.9,15.0,48.2,35.2,44.2
601–800,b'S\xc3\xa3o Paulo State University (UNESP)',Brazil,21.5–30.6,33.7,21.6,12.7,33.1,22.2
601–800,b'Savitribai Phule Pune University',India,21.5–30.6,38.9,7.2,21.6,34.4,18.3
601–800,b'University of Science and Technology Beijing',China,21.5–30.6,25.6,22.2,16.0,60.1,17.4
601–800,b'University of Seoul',South Korea,21.5–30.6,24.9,15.5,22.2,33.9,25.0
601–800,b'University of Seville',Spain,21.5–30.6,20.9,15.4,35.7,42.8,34.7
601–800,b'Shanghai University',China,21.5–30.6,20.6,15.9,25.5,45.7,23.5
601–800,b'Shantou University',China,21.5–30.6,18.6,10.5,38.3,34.2,33.6
601–800,b'Sharif University of Technology',Iran,21.5–30.6,25.5,26.5,36.7,96.4,19.6
601–800,b'Sichuan University',China,21.5–30.6,30.6,24.5,25.2,71.2,20.7
601–800,b'Sogang University',South Korea,21.5–30.6,27.2,28.3,25.4,48.7,28.6
601–800,b'University of Southern Queensland',Australia,21.5–30.6,21.9,16.5,26.0,33.1,69.1
601–800,b'University of South Wales',United Kingdom,21.5–30.6,16.5,9.0,38.5,32.3,61.1
601–800,b'Suranaree University of Technology',Thailand,21.5–30.6,21.9,10.1,33.6,40.6,32.2
601–800,b'University of Szeged',Hungary,21.5–30.6,20.4,10.8,34.0,35.4,51.7
601–800,b'University of Tabriz',Iran,21.5–30.6,25.0,14.6,35.2,41.2,16.0
601–800,b'Taipei Medical University',Taiwan,21.5–30.6,25.2,26.4,32.1,99.6,31.4
601–800,b'Tallinn University of Technology',Estonia,21.5–30.6,17.9,11.8,34.9,45.5,50.7
601–800,b'Technical University of Madrid',Spain,21.5–30.6,23.8,13.6,34.8,43.0,45.0
601–800,b'University of Technology of Compi\xc3\xa8gne',France,21.5–30.6,23.0,9.5,41.6,38.1,79.1
601–800,b'Teesside University',United Kingdom,21.5–30.6,16.5,9.3,38.6,32.0,48.0
601–800,b'University of Tehran',Iran,21.5–30.6,31.1,21.7,28.2,31.7,21.4
601–800,b'Tehran University of Medical Sciences',Iran,21.5–30.6,44.2,14.0,21.4,35.6,17.7
601–800,b'Universiti Teknologi Malaysia',Malaysia,21.5–30.6,31.1,20.4,22.7,38.6,51.1
601–800,b'Universiti Teknologi Petronas',Malaysia,21.5–30.6,22.4,23.4,16.1,87.5,63.6
601–800,b'University of Texas at El Paso',United States,21.5–30.6,20.9,20.6,33.9,31.7,35.7
601–800,b'Tezpur University',India,21.5–30.6,31.4,26.1,36.6,31.9,13.2
601–800,b'Tokyo University of Agriculture and Technology',Japan,21.5–30.6,26.1,22.6,21.3,44.1,23.4
601–800,b'Tokyo University of Science',Japan,21.5–30.6,23.2,24.9,21.7,37.4,18.0
601–800,b'University of Vigo',Spain,21.5–30.6,19.4,12.2,32.2,35.7,40.3
601–800,b'Vilnius University',Lithuania,21.5–30.6,20.1,13.5,35.6,40.0,47.9
601–800,b'Warsaw University of Technology',Poland,21.5–30.6,19.9,9.8,44.1,36.2,23.4
601–800,b'Waseda University',Japan,21.5–30.6,31.0,22.1,31.3,35.6,34.2
601–800,b'University of the West of England',United Kingdom,21.5–30.6,17.0,14.0,32.6,32.4,57.5
601–800,b'University of the Western Cape',South Africa,21.5–30.6,18.8,17.6,35.9,33.3,60.8
601–800,b'University of Westminster',United Kingdom,21.5–30.6,19.8,15.0,32.2,32.1,82.2
601–800,b'University of Windsor',Canada,21.5–30.6,19.3,15.0,26.6,34.9,50.8
601–800,b'Yeungnam University',South Korea,21.5–30.6,19.1,11.7,37.3,39.4,32.2
601–800,b'Yokohama City University',Japan,21.5–30.6,26.2,6.5,37.8,37.5,19.1
601–800,b'University of Zaragoza',Spain,21.5–30.6,20.5,12.3,50.8,37.1,37.6
801–1000,b'University of A Coru\xc3\xb1a',Spain,15.6–21.4,19.1,11.2,23.7,34.3,30.6
801–1000,"b'Adam Mickiewicz University, Pozna\xc5\x84'",Poland,15.6–21.4,18.7,11.6,22.8,32.3,30.5
801–1000,"b'University of Agriculture, Faisalabad'",Pakistan,15.6–21.4,17.7,12.4,20.2,31.9,27.1
801–1000,b'Ain Shams University',Egypt,15.6–21.4,21.1,8.2,13.5,33.0,34.9
801–1000,b'Ajou University',South Korea,15.6–21.4,22.0,8.2,27.7,45.9,23.7
801–1000,b'Akdeniz University',Turkey,15.6–21.4,16.2,15.6,12.3,99.7,18.4
801–1000,b'Alexandria University',Egypt,15.6–21.4,16.8,7.9,23.9,33.4,44.5
801–1000,b'Alexandru Ioan Cuza University',Romania,15.6–21.4,22.0,9.3,17.2,31.8,36.7
801–1000,b'University of Alicante',Spain,15.6–21.4,18.5,11.8,26.5,34.1,38.3
801–1000,b'University of Almer\xc3\xada',Spain,15.6–21.4,18.0,11.2,25.3,33.9,33.8
801–1000,b'Amrita Vishwa Vidyapeetham',India,15.6–21.4,21.6,9.5,17.0,52.5,47.0
801–1000,b'Andhra University',India,15.6–21.4,33.6,8.8,4.3,35.4,16.3
801–1000,b'Andr\xc3\xa9s Bello University (UNAB)',Chile,15.6–21.4,14.3,6.7,26.0,31.9,45.0
801–1000,b'Annamalai University',India,15.6–21.4,22.8,7.7,17.1,32.0,7.9
801–1000,b'University of Antioquia',Colombia,15.6–21.4,18.1,21.7,17.5,38.7,38.8
801–1000,"b'Asia University, Taiwan'",Taiwan,15.6–21.4,16.6,21.2,19.8,51.4,23.9
801–1000,b'Assiut University',Egypt,15.6–21.4,20.0,6.8,15.2,1.1,43.9
801–1000,b'Austral University of Chile',Chile,15.6–21.4,17.4,10.9,24.4,42.8,48.5
801–1000,b'Bandung Institute of Technology (ITB)',Indonesia,15.6–21.4,20.8,11.8,8.1,83.0,31.0
801–1000,b'Bauman Moscow State Technical University',Russian Federation,15.6–21.4,39.8,16.3,4.6,52.5,20.0
801–1000,b'Beijing Jiaotong University',China,15.6–21.4,22.2,21.9,11.9,58.2,22.5
801–1000,b'Belarusian State University',Belarus,15.6–21.4,21.0,9.9,11.9,43.1,54.8
801–1000,"b'Birla Institute of Technology and Science, Pilani'",India,15.6–21.4,18.7,7.9,31.9,32.6,16.2
801–1000,b'University of Bras\xc3\xadlia',Brazil,15.6–21.4,23.4,12.4,19.1,31.7,31.2
801–1000,b'Brno University of Technology',Czech Republic,15.6–21.4,19.1,13.6,24.0,40.1,43.7
801–1000,b'University of Bucharest',Romania,15.6–21.4,22.7,6.5,17.1,31.8,39.5
801–1000,b'Budapest University of Technology and Economics',Hungary,15.6–21.4,17.7,12.8,29.0,45.3,29.7
801–1000,b'Cairo University',Egypt,15.6–21.4,21.5,11.4,22.6,33.0,32.9
801–1000,b'University of Calcutta',India,15.6–21.4,33.3,13.3,14.0,33.5,14.6
801–1000,"b'California Polytechnic State University, San Luis Obispo'",United States,15.6–21.4,16.6,7.0,33.3,37.0,32.4
801–1000,b'University of Castilla-La Mancha',Spain,15.6–21.4,18.1,10.4,28.7,33.7,33.3
801–1000,b'Catholic University of the North',Chile,15.6–21.4,16.3,11.7,12.5,33.2,51.1
801–1000,b'Central University of Venezuela',Venezuela,15.6–21.4,16.4,7.3,18.9,31.9,37.6
801–1000,b'University of Cergy-Pontoise',France,15.6–21.4,19.4,9.3,20.8,35.1,63.2
801–1000,b'Chiang Mai University',Thailand,15.6–21.4,21.0,12.8,19.8,49.7,34.7
801–1000,b'China University of Mining and Technology',China,15.6–21.4,20.0,15.0,15.9,57.9,14.8
801–1000,"b'China University of Petroleum, Beijing'",China,15.6–21.4,22.0,22.9,12.8,99.6,19.0
801–1000,b'Chongqing University',China,15.6–21.4,19.2,17.8,20.8,58.8,19.0
801–1000,b'Chungnam National University',South Korea,15.6–21.4,23.2,18.3,13.1,43.9,21.9
801–1000,b'Chung Yuan Christian University',Taiwan,15.6–21.4,16.8,23.9,15.0,42.2,28.5
801–1000,b'Chuo University',Japan,15.6–21.4,26.4,8.8,18.4,34.4,21.2
801–1000,b'Cochin University of Science and Technology',India,15.6–21.4,26.5,12.3,7.2,32.3,15.2
801–1000,b'University of Colombo',Sri Lanka,15.6–21.4,25.0,7.9,12.9,0.6,38.2
801–1000,b'University of Concepci\xc3\xb3n',Chile,15.6–21.4,17.1,13.5,20.4,57.2,47.6
801–1000,b'Corvinus University of Budapest',Hungary,15.6–21.4,16.9,9.5,18.0,32.0,43.7
801–1000,b'University of Costa Rica',Costa Rica,15.6–21.4,18.2,6.9,19.1,0.6,48.2
801–1000,b'Czech University of Life Sciences Prague (CULS)',Czech Republic,15.6–21.4,18.7,12.1,12.1,47.7,66.9
801–1000,b'University of Debrecen',Hungary,15.6–21.4,18.8,3.4,27.5,40.4,50.1
801–1000,b'Del Rosario University',Colombia,15.6–21.4,17.7,8.1,25.6,31.9,45.7
801–1000,b'University of Derby',United Kingdom,15.6–21.4,16.4,8.5,29.5,32.4,54.4
801–1000,b'Ehime University',Japan,15.6–21.4,20.9,13.0,17.9,38.6,24.9
801–1000,b'The University of Electro-Communications',Japan,15.6–21.4,20.4,19.8,17.1,36.3,27.0
801–1000,b'University of Electronic Science and Technology of China',China,15.6–21.4,19.6,14.3,21.4,86.9,20.0
801–1000,b'Erciyes University',Turkey,15.6–21.4,17.0,11.0,21.8,71.2,20.8
801–1000,b'Federal University of Cear\xc3\xa1 (UFC)',Brazil,15.6–21.4,22.1,9.1,18.8,33.0,22.1
801–1000,b'Federal University of Pelotas',Brazil,15.6–21.4,18.3,8.1,35.0,1.1,19.7
801–1000,b'Federal University of Pernambuco',Brazil,15.6–21.4,23.2,9.1,14.6,47.0,20.4
801–1000,b'Federal University of Rio Grande do Norte (UFRN)',Brazil,15.6–21.4,19.9,8.3,15.8,42.1,20.6
801–1000,b'Federal University of Santa Catarina',Brazil,15.6–21.4,25.0,10.6,23.6,38.4,26.1
801–1000,b'Federal University of S\xc3\xa3o Carlos',Brazil,15.6–21.4,25.5,12.0,15.9,32.3,22.4
801–1000,b'Feng Chia University',Taiwan,15.6–21.4,17.1,15.9,25.0,37.6,32.2
801–1000,b'Ferdowsi University of Mashhad',Iran,15.6–21.4,22.9,14.7,20.1,35.8,20.2
801–1000,b'University of La Frontera',Chile,15.6–21.4,16.5,9.1,17.2,32.2,43.5
801–1000,b'Fu Jen Catholic University',Taiwan,15.6–21.4,17.9,13.3,24.6,45.3,24.7
801–1000,b'Universitas Gadjah Mada',Indonesia,15.6–21.4,18.9,10.4,18.1,60.6,38.9
801–1000,b'Gda\xc5\x84sk University of Technology',Poland,15.6–21.4,16.6,9.5,28.6,37.4,19.1
801–1000,b'University of Ghana',Ghana,15.6–21.4,17.7,18.3,20.4,34.2,48.4
801–1000,b'Gifu University',Japan,15.6–21.4,22.7,10.8,15.5,34.7,21.3
801–1000,b'Grigore T. Popa University of Medicine and Pharmacy',Romania,15.6–21.4,20.1,7.1,9.9,32.0,51.2
801–1000,b'University of Guilan',Iran,15.6–21.4,18.0,10.9,24.4,32.0,14.0
801–1000,b'Hallym University',South Korea,15.6–21.4,18.8,13.4,14.8,32.9,20.0
801–1000,b'Hamamatsu University School of Medicine',Japan,15.6–21.4,27.5,6.0,21.2,37.2,17.4
801–1000,b'Hosei University',Japan,15.6–21.4,17.0,8.0,30.4,32.5,23.2
801–1000,b'Huaqiao University',China,15.6–21.4,16.0,9.0,19.6,38.8,45.3
801–1000,b'University of Ibadan',Nigeria,15.6–21.4,25.9,11.4,7.4,40.3,32.0
801–1000,b'Imam Abdulrahman Bin Faisal University',Saudi Arabia,15.6–21.4,20.7,6.3,5.3,32.3,70.8
801–1000,b'University of Indonesia',Indonesia,15.6–21.4,23.9,10.4,18.9,40.8,49.6
801–1000,b'University of Isfahan',Iran,15.6–21.4,24.8,20.2,9.1,41.4,16.1
801–1000,b'I-Shou University',Taiwan,15.6–21.4,16.1,14.4,15.5,49.0,28.7
801–1000,b'Istanbul University',Turkey,15.6–21.4,26.4,18.1,14.9,52.6,24.4
801–1000,b'Iwate University',Japan,15.6–21.4,20.7,10.4,16.4,41.7,21.3
801–1000,b'Izmir Institute of Technology',Turkey,15.6–21.4,18.8,9.2,32.3,42.4,29.8
801–1000,b'Jamia Millia Islamia',India,15.6–21.4,29.2,7.5,25.4,33.8,20.8
801–1000,b'Jiangsu University',China,15.6–21.4,21.5,9.9,16.6,51.5,27.6
801–1000,b'Jikei University School of Medicine',Japan,15.6–21.4,25.5,8.6,28.3,35.1,18.6
801–1000,b'Jinan University',China,15.6–21.4,21.4,13.8,19.1,37.2,44.1
801–1000,b'University of Jordan',Jordan,15.6–21.4,19.3,9.1,11.5,34.8,62.8
801–1000,b'Kagoshima University',Japan,15.6–21.4,21.2,10.9,20.4,38.6,20.8
801–1000,b'Kansai Medical University',Japan,15.6–21.4,26.9,7.0,28.4,32.2,16.8
801–1000,b'Kasetsart University',Thailand,15.6–21.4,18.4,10.7,10.5,40.4,36.3
801–1000,b'University of Kerala',India,15.6–21.4,31.5,11.8,12.3,31.8,13.6
801–1000,b'Khon Kaen University',Thailand,15.6–21.4,19.8,9.3,16.9,53.5,30.9
801–1000,b'Kindai University',Japan,15.6–21.4,15.6,9.4,35.4,37.0,20.4
801–1000,b'King Mongkut\xe2\x80\x99s Institute of Technology Ladkrabang',Thailand,15.6–21.4,16.8,18.0,10.2,88.6,19.3
801–1000,b'Kitasato University',Japan,15.6–21.4,23.5,8.8,19.6,43.3,15.7
801–1000,b'Kyoto Institute of Technology',Japan,15.6–21.4,23.1,13.9,8.0,40.4,20.6
801–1000,b'Kyushu Institute of Technology (Kyutech)',Japan,15.6–21.4,20.2,11.9,18.2,46.4,24.8
801–1000,b'University of Latvia',Latvia,15.6–21.4,18.8,9.3,20.0,32.3,40.1
801–1000,b'Lobachevsky State University of Nizhni Novgorod',Russian Federation,15.6–21.4,24.4,11.0,10.7,41.9,27.3
801–1000,b'London South Bank University',United Kingdom,15.6–21.4,16.4,8.9,12.1,32.7,69.7
801–1000,b'Mansoura University',Egypt,15.6–21.4,17.4,6.5,29.3,40.0,36.2
801–1000,b'Marmara University',Turkey,15.6–21.4,19.4,22.7,16.5,31.7,20.5
801–1000,b'University of Marrakech Cadi Ayyad',Morocco,15.6–21.4,18.1,7.2,25.0,34.1,41.6
801–1000,b'Meiji University',Japan,15.6–21.4,16.3,10.0,18.1,53.3,22.0
801–1000,b'Metropolitan Autonomous University',Mexico,15.6–21.4,17.0,15.9,16.4,38.9,25.3
801–1000,b'Mie University',Japan,15.6–21.4,21.6,13.1,16.4,47.5,19.3
801–1000,b'University of Miyazaki',Japan,15.6–21.4,21.1,8.8,19.4,33.8,21.1
801–1000,b'Mohammed V University of Rabat',Morocco,15.6–21.4,24.4,7.9,20.0,37.8,30.0
801–1000,b'Nagaoka University of Technology',Japan,15.6–21.4,23.0,12.8,11.3,39.1,32.0
801–1000,b'Nagasaki University',Japan,15.6–21.4,24.9,12.3,19.2,35.3,25.7
801–1000,b'Nagoya Institute of Technology',Japan,15.6–21.4,19.2,18.7,17.1,47.7,20.8
801–1000,b'University of Nairobi',Kenya,15.6–21.4,15.1,9.4,21.1,32.2,46.6
801–1000,b'Nara Medical University',Japan,15.6–21.4,25.4,9.6,13.8,38.0,14.5
801–1000,b'National Chung Cheng University',Taiwan,15.6–21.4,20.2,19.5,13.4,38.3,19.4
801–1000,b'National University of Colombia',Colombia,15.6–21.4,21.0,14.4,6.5,31.9,34.7
801–1000,b'National University of C\xc3\xb3rdoba',Argentina,15.6–21.4,18.3,8.6,20.2,5.0,30.9
801–1000,b'National Dong Hwa University',Taiwan,15.6–21.4,18.3,13.7,21.2,60.8,32.0
801–1000,b'National Research Saratov State University',Russian Federation,15.6–21.4,20.6,13.2,13.3,36.3,29.8
801–1000,b'National University of Tainan',Taiwan,15.6–21.4,20.6,15.8,26.1,35.3,15.5
801–1000,b'National Taipei University',Taiwan,15.6–21.4,18.0,7.3,27.2,33.8,22.8
801–1000,b'National Taipei University of Technology',Taiwan,15.6–21.4,19.0,18.3,19.9,89.6,20.9
801–1000,b'National Taiwan Ocean University',Taiwan,15.6–21.4,19.1,22.3,18.6,52.5,23.5
801–1000,b'Nicolaus Copernicus University in Toru\xc5\x84',Poland,15.6–21.4,19.2,8.9,20.9,32.9,24.2
801–1000,b'Niigata University',Japan,15.6–21.4,22.7,10.7,25.6,36.2,23.5
801–1000,b'Northeastern University',China,15.6–21.4,21.7,22.7,9.2,98.9,24.3
801–1000,b'Northwest University',China,15.6–21.4,19.4,11.6,31.8,38.2,16.4
801–1000,b'NorthWest A&F University',China,15.6–21.4,20.6,11.2,25.8,40.0,20.5
801–1000,b'Novosibirsk State Technical University',Russian Federation,15.6–21.4,22.5,10.6,20.6,35.8,30.4
801–1000,b'Oakland University',United States,15.6–21.4,19.6,12.3,26.0,32.8,25.2
801–1000,b'Ocean University of China',China,15.6–21.4,21.0,13.6,26.1,50.9,18.8
801–1000,b'Osaka Prefecture University',Japan,15.6–21.4,23.8,12.3,17.9,39.2,20.5
801–1000,b'Osmania University',India,15.6–21.4,33.9,8.4,14.5,32.0,15.1
801–1000,b'University of Ostrava',Czech Republic,15.6–21.4,16.0,11.4,24.1,31.9,39.4
801–1000,b'University of Pardubice',Czech Republic,15.6–21.4,18.4,13.4,14.2,32.4,23.9
801–1000,b'Paris Nanterre University',France,15.6–21.4,21.3,12.9,18.7,31.7,48.2
801–1000,b'Pondicherry University',India,15.6–21.4,35.3,10.1,11.3,31.8,13.8
801–1000,b'Pontifical Catholic University of Paran\xc3\xa1',Brazil,15.6–21.4,17.1,8.6,27.7,34.5,23.0
801–1000,b'Pontifical Catholic University of Rio Grande do Sul (PUCRS)',Brazil,15.6–21.4,22.7,12.6,25.7,45.4,25.0
801–1000,b'Pontifical Catholic University of Valpara\xc3\xadso',Chile,15.6–21.4,17.4,12.9,13.2,49.0,47.7
801–1000,b'Prince of Songkla University',Thailand,15.6–21.4,16.4,8.1,20.3,34.0,32.2
801–1000,b'Riga Technical University',Latvia,15.6–21.4,18.3,11.3,14.8,39.0,32.7
801–1000,b'Rio de Janeiro State University (UERJ)',Brazil,15.6–21.4,21.4,9.9,12.8,40.4,19.7
801–1000,b'Ritsumeikan University',Japan,15.6–21.4,18.6,9.0,13.9,32.7,31.8
801–1000,b'Robert Gordon University',United Kingdom,15.6–21.4,16.9,9.8,17.2,33.0,68.3
801–1000,b'Saga University',Japan,15.6–21.4,21.1,11.3,17.8,48.1,22.3
801–1000,b'Saitama University',Japan,15.6–21.4,19.0,11.7,24.9,33.0,27.7
801–1000,b'Saitama Medical University',Japan,15.6–21.4,23.7,7.8,18.3,36.3,14.3
801–1000,"b'University of Santiago, Chile (USACH)'",Chile,15.6–21.4,17.4,10.0,12.1,32.4,40.9
801–1000,b'Seoul National University of Science and Technology (SeoulTech)',South Korea,15.6–21.4,25.3,18.9,13.7,36.2,18.2
801–1000,b'Shaanxi Normal University',China,15.6–21.4,18.3,9.6,29.5,36.2,18.2
801–1000,b'Shahid Beheshti University',Iran,15.6–21.4,21.8,19.8,19.1,46.7,16.4
801–1000,b'University of Sharjah',United Arab Emirates,15.6–21.4,18.1,8.9,16.5,36.3,99.3
801–1000,b'Sheffield Hallam University',United Kingdom,15.6–21.4,18.3,10.8,24.9,32.1,48.8
801–1000,b'Shiga University of Medical Science',Japan,15.6–21.4,24.8,9.4,27.7,40.9,21.0
801–1000,b'Shimane University',Japan,15.6–21.4,21.8,10.0,12.6,34.4,18.2
801–1000,b'Shinshu University',Japan,15.6–21.4,21.3,8.9,28.0,40.0,22.5
801–1000,b'Shiraz University',Iran,15.6–21.4,22.9,20.5,18.4,45.3,16.6
801–1000,b'Shizuoka University',Japan,15.6–21.4,19.1,12.5,11.4,36.1,24.3
801–1000,b'Showa University',Japan,15.6–21.4,27.1,8.8,13.2,34.7,15.9
801–1000,b'University of Silesia in Katowice',Poland,15.6–21.4,18.5,7.8,20.4,31.8,22.9
801–1000,b'Sim\xc3\xb3n Bol\xc3\xadvar University',Venezuela,15.6–21.4,19.0,6.3,14.9,46.7,41.6
801–1000,b'Slovak University of Technology in Bratislava',Slovakia,15.6–21.4,21.6,13.2,11.5,34.7,26.5
801–1000,b'Sophia University',Japan,15.6–21.4,23.6,10.7,11.2,32.6,37.1
801–1000,b'University of South Africa',South Africa,15.6–21.4,18.3,10.8,13.5,32.3,37.5
801–1000,b'Southern Federal University',Russian Federation,15.6–21.4,22.4,8.2,14.8,39.2,23.4
801–1000,b'University of Southern Mississippi',United States,15.6–21.4,20.4,9.2,25.1,48.8,22.4
801–1000,b'South Valley University',Egypt,15.6–21.4,14.7,6.5,18.7,31.7,44.5
801–1000,b'Sri Venkateswara University',India,15.6–21.4,34.0,9.4,20.2,32.5,18.5
801–1000,b'State University of Ponta Grossa',Brazil,15.6–21.4,20.1,17.8,13.2,31.7,15.5
801–1000,b'Suez Canal University',Egypt,15.6–21.4,18.2,7.0,31.9,0.5,45.4
801–1000,b'Sultan Qaboos University',Oman,15.6–21.4,22.2,10.0,15.7,47.9,71.4
801–1000,b'University of Talca',Chile,15.6–21.4,15.7,10.4,20.7,1.0,49.2
801–1000,b'Taras Shevchenko National University of Kyiv',Ukraine,15.6–21.4,27.3,10.1,7.6,32.5,33.5
801–1000,b'Technical University of Ko\xc5\xa1ice',Slovakia,15.6–21.4,21.4,12.4,23.5,41.9,19.5
801–1000,b'Universiti Tenaga Nasional (UNITEN)',Malaysia,15.6–21.4,17.1,11.7,28.6,73.4,30.7
801–1000,b'Texas State University',United States,15.6–21.4,21.2,12.0,25.2,32.6,17.5
801–1000,b'Thapar University',India,15.6–21.4,19.1,7.7,28.5,32.1,13.4
801–1000,b'University of Tlemcen',Algeria,15.6–21.4,27.9,8.0,4.8,31.9,40.0
801–1000,b'TOBB University of Economics and Technology',Turkey,15.6–21.4,15.6,10.2,31.1,32.4,26.9
801–1000,b'Tokai University',Japan,15.6–21.4,19.6,8.3,17.5,34.3,22.9
801–1000,b'Tokushima University',Japan,15.6–21.4,23.7,18.1,16.0,55.8,20.4
801–1000,b'Tokyo University of Marine Science and Technology',Japan,15.6–21.4,23.8,12.8,11.6,50.9,28.6
801–1000,b'Tomas Bata University in Zl\xc3\xadn',Czech Republic,15.6–21.4,17.9,13.0,13.4,33.6,33.6
801–1000,b'University of Toyama',Japan,15.6–21.4,20.5,11.6,17.2,39.9,26.2
801–1000,b'Toyohashi University of Technology (TUT)',Japan,15.6–21.4,21.1,16.7,16.1,46.1,24.2
801–1000,b'University of Valpara\xc3\xadso',Chile,15.6–21.4,15.9,8.2,19.2,32.1,46.3
801–1000,b'VIT University',India,15.6–21.4,17.8,8.9,24.5,33.0,22.6
801–1000,b'VSB - Technical University of Ostrava',Czech Republic,15.6–21.4,18.6,13.1,12.8,39.5,30.4
801–1000,b'University of West Bohemia',Czech Republic,15.6–21.4,18.5,11.8,13.6,35.7,26.4
801–1000,b'West University of Timi\xc5\x9foara',Romania,15.6–21.4,20.1,7.8,26.3,31.8,30.7
801–1000,b'University of Wroc\xc5\x82aw',Poland,15.6–21.4,20.1,10.9,25.8,33.8,32.5
801–1000,b'Wuhan University of Technology',China,15.6–21.4,19.0,11.2,22.9,54.8,19.0
801–1000,b'Xiangtan University',China,15.6–21.4,15.3,10.6,35.6,36.2,15.9
801–1000,b'Xidian University',China,15.6–21.4,19.7,13.9,16.4,75.8,16.5
801–1000,b'Yamagata University',Japan,15.6–21.4,21.0,10.3,23.2,49.9,20.3
801–1000,b'Yamaguchi University',Japan,15.6–21.4,21.8,9.3,12.6,38.9,22.3
801–1000,b'University of Yamanashi',Japan,15.6–21.4,24.2,10.5,21.7,34.4,21.2
801–1000,b'Y\xc4\xb1ld\xc4\xb1z Technical University',Turkey,15.6–21.4,18.7,7.7,26.6,42.6,20.5
801–1000,b'Yokohama National University',Japan,15.6–21.4,22.8,21.8,14.6,45.5,24.2
801–1000,b'Yuan Ze University',Taiwan,15.6–21.4,18.8,15.0,25.9,47.1,22.6
801–1000,b'University of Zagreb',Croatia,15.6–21.4,21.0,11.1,20.3,41.6,28.5
1001+,b'Akita University',Japan,9.2–15.5,21.9,9.1,9.2,35.1,19.0
1001+,b'Alzahra University',Iran,9.2–15.5,18.0,9.2,14.3,33.3,13.8
1001+,b'Amity University',India,9.2–15.5,16.7,7.6,13.2,32.7,17.9
1001+,b'Anadolu University',Turkey,9.2–15.5,13.8,9.7,15.5,32.3,15.9
1001+,"b'University of the Andes, Venezuela'",Venezuela,9.2–15.5,16.4,7.5,11.3,31.7,43.2
1001+,b'Ankara University',Turkey,9.2–15.5,18.9,8.9,11.4,32.4,20.8
1001+,b'Autonomous University of Baja California',Mexico,9.2–15.5,14.7,7.8,5.5,32.6,29.4
1001+,b'Autonomous University of Hidalgo State (UAEH)',Mexico,9.2–15.5,17.0,7.0,3.0,33.8,21.2
1001+,b'Autonomous University of Nuevo Le\xc3\xb3n',Mexico,9.2–15.5,14.9,6.8,11.3,32.7,29.1
1001+,b'Autonomous University of Puebla',Mexico,9.2–15.5,15.5,7.2,11.6,34.6,28.5
1001+,b'Autonomous University of the State of Mexico',Mexico,9.2–15.5,16.4,7.7,8.8,32.0,25.0
1001+,b'Autonomous University of Yucat\xc3\xa1n',Mexico,9.2–15.5,15.6,8.3,15.1,32.8,28.5
1001+,b'Bahauddin Zakariya University',Pakistan,9.2–15.5,14.9,10.4,18.2,0.1,28.8
1001+,b'University of Birjand',Iran,9.2–15.5,15.5,7.6,8.7,32.0,14.6
1001+,b'IPB University',Indonesia,9.2–15.5,18.4,8.7,8.9,68.2,36.6
1001+,b'Chaoyang University of Technology',Taiwan,9.2–15.5,13.5,11.2,6.1,39.7,20.6
1001+,b'Chiba Institute of Technology',Japan,9.2–15.5,15.0,8.2,7.4,34.0,15.6
1001+,b'University of Dhaka',Bangladesh,9.2–15.5,20.4,6.8,9.0,31.7,41.9
1001+,b'Dokuz Eyl\xc3\xbcl University',Turkey,9.2–15.5,16.1,7.6,14.5,32.8,16.9
1001+,b'Doshisha University',Japan,9.2–15.5,16.4,6.4,6.2,33.4,24.2
1001+,b'Far Eastern Federal University',Russian Federation,9.2–15.5,21.2,9.6,7.9,36.2,33.8
1001+,b'Federal University of Goi\xc3\xa1s',Brazil,9.2–15.5,18.7,7.3,13.6,31.7,17.6
1001+,b'Federal University of Lavras',Brazil,9.2–15.5,25.1,11.3,7.0,33.7,17.1
1001+,b'Federal University of Ouro Preto',Brazil,9.2–15.5,16.6,5.5,18.0,32.4,19.5
1001+,b'Federal University of Paran\xc3\xa1 (UFPR)',Brazil,9.2–15.5,19.6,5.3,9.2,31.7,20.4
1001+,b'Federal University of Santa Maria',Brazil,9.2–15.5,22.3,5.1,9.3,33.3,15.8
1001+,b'Federal University of Vi\xc3\xa7osa',Brazil,9.2–15.5,25.8,7.4,8.7,50.3,19.1
1001+,b'Fluminense Federal University',Brazil,9.2–15.5,17.8,8.6,12.2,32.0,24.1
1001+,b'University of Fukui',Japan,9.2–15.5,20.5,10.2,8.4,37.2,20.3
1001+,b'Gazi University',Turkey,9.2–15.5,18.8,9.1,11.2,36.2,15.7
1001+,"b'G.B. Pant University of Agriculture & Technology, Pantnagar'",India,9.2–15.5,22.3,7.3,2.2,32.3,12.5
1001+,b'University of Gda\xc5\x84sk',Poland,9.2–15.5,17.5,9.3,14.8,32.2,28.8
1001+,b'GITAM University',India,9.2–15.5,16.0,6.7,9.6,31.9,13.7
1001+,b'Government College University Lahore',Pakistan,9.2–15.5,17.5,7.9,4.0,0.0,35.3
1001+,b'University of Guadalajara',Mexico,9.2–15.5,16.8,3.0,8.4,31.7,28.9
1001+,b'Guangxi University',China,9.2–15.5,16.0,8.8,9.1,35.6,19.3
1001+,b'Hashemite University',Jordan,9.2–15.5,11.1,7.9,9.7,31.7,46.1
1001+,b'University of Hyogo',Japan,9.2–15.5,17.1,11.6,10.2,38.1,16.9
1001+,b'Ibaraki University',Japan,9.2–15.5,17.4,5.4,11.2,36.1,22.6
1001+,b'Ivane Javakhishvili Tbilisi State University',Georgia,9.2–15.5,16.2,8.7,2.7,32.2,40.9
1001+,b'Ivan Franko National University of Lviv',Ukraine,9.2–15.5,20.2,3.1,3.7,1.4,36.4
1001+,b'Jawaharlal Nehru Technological University Anantapur (JNTUA)',India,9.2–15.5,23.6,9.7,5.3,32.5,12.7
1001+,b'Kanagawa University',Japan,9.2–15.5,15.0,8.6,14.3,31.7,24.0
1001+,b'Kansai University',Japan,9.2–15.5,23.8,7.3,5.9,32.9,21.2
1001+,b'Kaunas University of Technology',Lithuania,9.2–15.5,18.1,11.7,3.3,35.7,23.7
1001+,"b""King Mongkut'''s University of Technology North Bangkok""",Thailand,9.2–15.5,18.4,7.6,13.8,33.0,21.2
1001+,b'Kogakuin University',Japan,9.2–15.5,17.0,8.2,9.5,37.7,18.3
1001+,b'Kwansei Gakuin University',Japan,9.2–15.5,16.2,7.1,7.0,32.4,25.0
1001+,b'University of Lahore',Pakistan,9.2–15.5,15.0,7.0,14.1,31.7,34.2
1001+,b'University of \xc5\x81\xc3\xb3d\xc5\xba',Poland,9.2–15.5,17.4,9.5,13.8,31.9,23.0
1001+,b'Lodz University of Technology',Poland,9.2–15.5,17.0,10.4,12.8,36.4,19.4
1001+,b'Londrina State University',Brazil,9.2–15.5,23.8,9.4,10.6,31.8,16.3
1001+,b'Lviv Polytechnic National University',Ukraine,9.2–15.5,18.2,7.6,3.7,31.8,25.0
1001+,b'Maharaja Sayajirao University of Baroda',India,9.2–15.5,14.5,7.5,13.6,32.2,13.3
1001+,b'Manipal Academy of Higher Education',India,9.2–15.5,20.7,9.4,3.5,31.9,25.6
1001+,b'Meijo University',Japan,9.2–15.5,15.4,8.1,10.2,33.1,21.8
1001+,b'Ming Chuan University',Taiwan,9.2–15.5,15.3,10.2,7.7,32.4,27.0
1001+,b'University of Monastir',Tunisia,9.2–15.5,17.5,7.3,9.6,31.7,40.9
1001+,b'University of Mysore',India,9.2–15.5,28.5,7.7,2.9,31.9,28.4
1001+,b'National Chiayi University',Taiwan,9.2–15.5,14.6,11.0,7.8,65.0,16.6
1001+,b'National University of Kaohsiung',Taiwan,9.2–15.5,15.1,15.9,8.9,35.8,21.7
1001+,b'National Polytechnic University (IPN)',Mexico,9.2–15.5,19.9,8.8,9.7,32.9,21.2
1001+,b'National Research University of Electronic Technology (MIET)',Russian Federation,9.2–15.5,18.5,14.9,4.1,33.8,23.3
1001+,b'National Technical University of Ukraine \xe2\x80\x93 Igor Sikorsky Kyiv Polytechnic Institute',Ukraine,9.2–15.5,22.0,8.2,1.9,32.6,18.2
1001+,b'Oita University',Japan,9.2–15.5,21.0,7.6,11.8,33.5,17.8
1001+,b'Ondokuz Mayis University',Turkey,9.2–15.5,16.7,7.3,4.3,33.2,16.8
1001+,b'Perm State University',Russian Federation,9.2–15.5,18.0,9.5,3.9,36.7,17.9
1001+,b'University of Peshawar',Pakistan,9.2–15.5,23.4,7.5,6.8,31.7,27.8
1001+,b'PMAS Arid Agriculture University Rawalpindi',Pakistan,9.2–15.5,17.9,9.0,9.8,31.7,28.3
1001+,b'PSG College of Technology',India,9.2–15.5,16.6,8.4,7.2,32.2,12.8
1001+,b'RUDN University',Russian Federation,9.2–15.5,21.2,9.5,5.6,35.3,45.1
1001+,b'SASTRA University',India,9.2–15.5,16.2,8.2,15.0,32.4,12.6
1001+,b'Sathyabama Institute of Science and Technology',India,9.2–15.5,17.0,7.9,2.1,32.2,13.3
1001+,b'Sechenov University',Russian Federation,9.2–15.5,23.4,8.4,0.8,33.8,23.9
1001+,b'Shanghai Maritime University',China,9.2–15.5,15.2,8.1,16.8,33.8,28.8
1001+,b'Shibaura Institute of Technology Tokyo',Japan,9.2–15.5,17.1,8.5,8.4,35.1,20.6
1001+,b'Siberian Federal University',Russian Federation,9.2–15.5,19.6,9.0,6.2,35.8,16.0
1001+,b'Sidi Mohamed Ben Abdellah University',Morocco,9.2–15.5,25.6,6.3,9.7,31.8,22.0
1001+,b'Unisinos University',Brazil,9.2–15.5,23.0,12.0,5.6,33.2,17.9
1001+,b'Sofia University',Bulgaria,9.2–15.5,19.6,8.6,9.0,33.0,39.2
1001+,b'Southwest Jiaotong University',China,9.2–15.5,18.6,12.0,9.0,76.0,20.2
1001+,b'SRM Institute of Science and Technology',India,9.2–15.5,16.4,7.3,8.9,31.9,15.9
1001+,b'State University of Maring\xc3\xa1',Brazil,9.2–15.5,18.8,9.3,6.0,32.0,15.2
1001+,b'Tamil Nadu Agricultural University',India,9.2–15.5,24.9,8.8,2.8,35.3,14.8
1001+,b'Tamkang University',Taiwan,9.2–15.5,16.0,11.1,9.3,33.5,25.0
1001+,b'Technical University of Liberec',Czech Republic,9.2–15.5,18.5,10.2,4.7,37.1,30.9
1001+,b'Tokyo City University',Japan,9.2–15.5,18.5,9.6,11.5,39.3,18.4
1001+,b'Tokyo Denki University',Japan,9.2–15.5,15.5,7.9,2.9,0.6,17.0
1001+,b'Tottori University',Japan,9.2–15.5,22.4,8.1,10.8,32.8,18.3
1001+,b'Toyo University',Japan,9.2–15.5,15.7,9.3,8.1,32.7,21.2
1001+,b'University of Tunis El Manar',Tunisia,9.2–15.5,22.7,9.3,7.3,32.1,38.3
1001+,b'Ural Federal University',Russian Federation,9.2–15.5,22.3,11.9,5.8,38.4,27.8
1001+,b'Universiti Utara Malaysia',Malaysia,9.2–15.5,24.2,10.3,2.9,32.2,45.3
1001+,b'Utsunomiya University',Japan,9.2–15.5,18.5,9.2,7.2,33.2,22.0
1001+,"b'University of Veterinary and Animal Sciences, Lahore'",Pakistan,9.2–15.5,15.7,9.1,4.4,35.1,29.3
1001+,b'V.N. Karazin Kharkiv National University',Ukraine,9.2–15.5,21.3,7.9,3.1,32.0,51.4
1001+,b'Volgograd State Technical University',Russian Federation,9.2–15.5,17.7,6.9,2.0,41.5,17.7
1001+,b'Voronezh State University',Russian Federation,9.2–15.5,20.8,7.1,1.9,33.2,24.4
1001+,b'Western Paran\xc3\xa1 State University (Unioeste)',Brazil,9.2–15.5,22.4,4.6,2.4,31.9,13.6
1001+,b'Yazd University',Iran,9.2–15.5,14.6,9.9,14.8,0.4,15.5
1001+,b'Yeditepe University',Turkey,9.2–15.5,15.4,8.0,9.7,0.2,23.4
1001+,b'University of Zanjan',Iran,9.2–15.5,16.2,9.4,15.7,38.3,17.3
